hostname,ip,TLSRedirect,TLSSiteExist,serialNumber,notValidAfter,signatureHashAlgorithm,statusCode,statusMessage,commonName,Server,X-Powered-By,asn,asnCountryCode,asnDescription
1akses.malaysia.gov.my,Fail,,,,,
1govserv.1govnet.gov.my,203.12.220.140,True,True,29674122057683722225586492364,2019-04-26 08:16:11,sha256,1,Pass,AlphaSSL CA - SHA256 - G2,Apache,n/a,38044,MY,"GITN-NETWORK GITN-NETWORK, MY"
1malaysiamap.mygeoportal.gov.my,103.8.160.33,False,False,,,,,,Microsoft-IIS/7.5,ASP.NET,17564,MY,"GITN-PCN-AS-AP GITN (M) Sdn. Bhd., MY"
1pp.treasury.gov.my,103.8.144.196,False,False,,,,,,n/a,n/a,17564,MY,"GITN-PCN-AS-AP GITN (M) Sdn. Bhd., MY"
1works.kkr.gov.my,175.28.15.45,False,False,,,,,,Apache,n/a,38044,MY,"GITN-NETWORK GITN-NETWORK, MY"
3ps.jkr.gov.my,43.252.232.157,True,True,115707565092734639685285563808875739530,2019-08-19 23:59:59,sha256,0,"Host did not provide intermediate certs, unable to build trust chain",COMODO RSA Organization Validation Secure Server CA,n/a,PHP/5.5.38,38044,MY,"GITN-NETWORK GITN-NETWORK, MY"
abt.met.gov.my,175.28.14.115,False,False,,,,,,Apache/2.2.15 (CentOS),PHP/5.3.3,38044,MY,"GITN-NETWORK GITN-NETWORK, MY"
admm.mod.gov.my,103.27.113.37,False,False,,,,,,n/a,n/a,132885,MY,"CDSB-AS-AP CET DEVELOPMENT SDN BHD, MY"
aduan.customs.gov.my,103.8.160.205,False,False,,,,,,Apache/2.2.22 (Ubuntu),n/a,17564,MY,"GITN-PCN-AS-AP GITN (M) Sdn. Bhd., MY"
aduan.jkr.gov.my,43.252.232.157,True,True,115707565092734639685285563808875739530,2019-08-19 23:59:59,sha256,0,"Host did not provide intermediate certs, unable to build trust chain",COMODO RSA Organization Validation Secure Server CA,n/a,n/a,38044,MY,"GITN-NETWORK GITN-NETWORK, MY"
aduan.kettha.gov.my,Fail,,,,,
aduan.kpkt.gov.my,203.217.179.36,True,True,1465763785157600663970569707576092542,2018-12-06 12:00:00,sha256,1,Pass,DigiCert SHA2 Secure Server CA,n/a,n/a,17564,MY,"GITN-PCN-AS-AP GITN (M) Sdn. Bhd., MY"
aduan.kraftangan.gov.my,58.26.125.192,False,False,,,,,,Apache/2.4.3 (Win32) OpenSSL/1.0.1c PHP/5.4.7,PHP/5.4.7,4788,MY,"TMNET-AS-AP TM Net, Internet Service Provider, MY"
aduan.sabah.gov.my,27.0.4.40,False,False,,,,,,Microsoft-IIS/7.5,ASP.NET,55420,MY,"SABAHNET-AS-AP APNIC ASN Block, MY"
aduan.spa.gov.my,202.75.5.44,False,False,,,,,,Apache,PHP/5.5.15,17564,MY,"GITN-PCN-AS-AP GITN (M) Sdn. Bhd., MY"
aduan.sprm.gov.my,150.242.181.69,False,False,,,,,,,,17564,MY,"GITN-PCN-AS-AP GITN (M) Sdn. Bhd., MY"
aduanadmin.lkim.gov.my,1.9.139.80,False,True,13098529066745705731,2019-11-08 23:48:47,sha1,-1,Certificate & Hostname mismatch,localhost,Apache/2.4.4 (Win32) OpenSSL/1.0.1e PHP/5.5.3,PHP/5.5.3,4788,MY,"TMNET-AS-AP TM Net, Internet Service Provider, MY"
aduanbpm.lkim.gov.my,1.9.139.46,False,False,,,,,,Apache/2.2.3 (CentOS),PHP/5.1.6,4788,MY,"TMNET-AS-AP TM Net, Internet Service Provider, MY"
aduanintegriti.mod.gov.my,103.27.113.85,False,True,1337691084454831144931316929731988701,2018-04-23 12:00:00,sha256,1,Pass,DigiCert SHA2 Secure Server CA,,,132885,MY,"CDSB-AS-AP CET DEVELOPMENT SDN BHD, MY"
agc-wopac.agc.gov.my,203.217.177.215,False,False,,,,,,n/a,n/a,17564,MY,"GITN-PCN-AS-AP GITN (M) Sdn. Bhd., MY"
agiswlk.kwp.gov.my,103.8.145.9,False,False,,,,,,Microsoft-IIS/7.0,XXXXXXXX,17564,MY,"GITN-PCN-AS-AP GITN (M) Sdn. Bhd., MY"
agromedia.mardi.gov.my,58.26.125.242,False,False,,,,,,Apache,n/a,4788,MY,"TMNET-AS-AP TM Net, Internet Service Provider, MY"
aichr.kln.gov.my,203.12.220.162,False,False,,,,,,Apache,n/a,38044,MY,"GITN-NETWORK GITN-NETWORK, MY"
aims.mod.gov.my,103.27.113.21,False,False,,,,,,n/a,n/a,132885,MY,"CDSB-AS-AP CET DEVELOPMENT SDN BHD, MY"
aimsweb.mod.gov.my,103.27.113.24,False,False,,,,,,n/a,n/a,132885,MY,"CDSB-AS-AP CET DEVELOPMENT SDN BHD, MY"
ain.mosti.gov.my,202.75.5.73,False,False,,,,,,nginx/1.8.1,PHP/5.6.20,17564,MY,"GITN-PCN-AS-AP GITN (M) Sdn. Bhd., MY"
aip.dca.gov.my,103.8.160.75,False,False,,,,,,Apache/2.4.6 (CentOS),n/a,17564,MY,"GITN-PCN-AS-AP GITN (M) Sdn. Bhd., MY"
airforce.mil.my,58.27.64.251,False,False,,,,,,Apache,PHP/5.5.9-1ubuntu4.19,4788,MY,"TMNET-AS-AP TM Net, Internet Service Provider, MY"
akept.mohe.gov.my,103.8.162.6,False,False,,,,,,nginx centminmod,centminmod,17564,MY,"GITN-PCN-AS-AP GITN (M) Sdn. Bhd., MY"
akk.mod.gov.my,103.27.113.33,False,False,,,,,,n/a,n/a,132885,MY,"CDSB-AS-AP CET DEVELOPMENT SDN BHD, MY"
ambc.mardi.gov.my,58.26.125.243,False,False,,,,,,Apache,n/a,4788,MY,"TMNET-AS-AP TM Net, Internet Service Provider, MY"
amlcft.bnm.gov.my,103.6.236.129,False,True,84744316828536311233611724324917434695,2018-05-05 23:59:59,sha256,1,Pass,COMODO RSA Domain Validation Secure Server CA,Apache,n/a,132197,MY,"SKALI-MY SKALI, MY"
ansn.aelb.gov.my,Fail,,,,,
apb1.moe.gov.my,1.9.210.13,True,True,208353137276985661759940079643165865956,2018-05-23 23:59:59,sha256,0,"Host did not provide intermediate certs, unable to build trust chain",COMODO RSA Domain Validation Secure Server CA,n/a,n/a,4788,MY,"TMNET-AS-AP TM Net, Internet Service Provider, MY"
api.met.gov.my,150.242.180.40,True,True,3621218937879330557,2020-06-20 20:47:00,sha256,1,Pass,Go Daddy Secure Certificate Authority - G2,nginx,n/a,17564,MY,"GITN-PCN-AS-AP GITN (M) Sdn. Bhd., MY"
apims.doe.gov.my,150.242.180.190,False,False,,,,,,Microsoft-IIS/8.5,ASP.NET,17564,MY,"GITN-PCN-AS-AP GITN (M) Sdn. Bhd., MY"
aplikasi.jpm.gov.my,103.8.146.219,False,False,,,,,,,,17564,MY,"GITN-PCN-AS-AP GITN (M) Sdn. Bhd., MY"
aplikasi.rela.gov.my,Fail,,,,,
apm.dof.gov.my,103.8.145.61,True,True,2312575498476608477512744820907912622,2019-10-10 12:00:00,sha256,0,"Host did not provide intermediate certs, unable to build trust chain",DigiCert SHA2 Secure Server CA,Apache,PHP/5.6.20,17564,MY,"GITN-PCN-AS-AP GITN (M) Sdn. Bhd., MY"
app.bomba.gov.my,103.8.160.24,True,True,15995276184417720501328420272370241224,2018-10-01 12:00:00,sha256,1,Pass,DigiCert SHA2 Extended Validation Server CA,Apache/2.2.22 (Ubuntu),n/a,17564,MY,"GITN-PCN-AS-AP GITN (M) Sdn. Bhd., MY"
app.imi.gov.my,58.27.46.24,False,False,,,,,,Apache,n/a,4788,MY,"TMNET-AS-AP TM Net, Internet Service Provider, MY"
app.mohe.gov.my,103.8.160.240,True,True,1356133872,2018-08-07 17:49:22,sha256,1,Pass,Entrust Certification Authority - L1K,nginx,n/a,17564,MY,"GITN-PCN-AS-AP GITN (M) Sdn. Bhd., MY"
app1.imi.gov.my,58.27.46.19,False,False,,,,,,Apache/2.4.16 (Win32) OpenSSL/1.0.1p PHP/5.5.28,PHP/5.5.28,4788,MY,"TMNET-AS-AP TM Net, Internet Service Provider, MY"
app2.bomba.gov.my,175.28.12.226,False,False,,,,,,Apache/2.2.15 (Red Hat),PHP/5.5.38,38044,MY,"GITN-NETWORK GITN-NETWORK, MY"
app2.mohe.gov.my,103.8.160.240,False,True,1356133872,2018-08-07 17:49:22,sha256,1,Pass,Entrust Certification Authority - L1K,Apache,n/a,17564,MY,"GITN-PCN-AS-AP GITN (M) Sdn. Bhd., MY"
appjpan.sabah.gov.my,27.0.4.158,False,False,,,,,,Microsoft-IIS/6.0,ASP.NET,55420,MY,"SABAHNET-AS-AP APNIC ASN Block, MY"
apponline.mara.gov.my,1.9.138.208,False,False,,,,,,Microsoft-IIS/7.5,ASP.NET,4788,MY,"TMNET-AS-AP TM Net, Internet Service Provider, MY"
apponline.skm.gov.my,202.60.56.74,False,True,182246764822511369102069331068995961517,2018-11-27 02:27:32,sha256,1,Pass,Entrust Certification Authority - L1K,Microsoft-IIS/7.0,ASP.NET,38044,MY,"GITN-NETWORK GITN-NETWORK, MY"
apps.dbkl.gov.my,58.26.53.45,False,False,,,,,,Apache,n/a,4788,MY,"TMNET-AS-AP TM Net, Internet Service Provider, MY"
apps.jpapencen.gov.my,203.121.102.171,False,False,,,,,,Apache/2.4.18 (Win32) OpenSSL/1.0.2e PHP/7.0.1,PHP/7.0.1,9930,MY,"TTNET-MY TIME dotCom Berhad, MY"
apps.jpm.gov.my,150.242.180.204,False,False,,,,,,,,17564,MY,"GITN-PCN-AS-AP GITN (M) Sdn. Bhd., MY"
apps.kraftangan.gov.my,58.26.125.200,False,False,,,,,,Apache/2.4.7 (Win32) OpenSSL/0.9.8y PHP/5.4.22,n/a,4788,MY,"TMNET-AS-AP TM Net, Internet Service Provider, MY"
apps.mafhq.mil.my,103.27.113.131,False,False,,,,,,Apache,n/a,132885,MY,"CDSB-AS-AP CET DEVELOPMENT SDN BHD, MY"
apps.mara.gov.my,1.9.138.200,False,False,,,,,,Microsoft-IIS/8.0,ASP.NET,4788,MY,"TMNET-AS-AP TM Net, Internet Service Provider, MY"
apps.wildlife.gov.my,203.12.220.134,False,True,208846366016309806297582460799555693003,2019-12-07 01:41:27,sha256,1,Pass,Entrust Certification Authority - L1K,,,38044,MY,"GITN-NETWORK GITN-NETWORK, MY"
apps1.jmm.gov.my,Fail,,,,,
appsys.dbkl.gov.my,58.26.53.39,False,True,9663860256364840065172591133529929121,2018-10-11 12:00:00,sha256,1,Pass,DigiCert SHA2 Secure Server CA,,,4788,MY,"TMNET-AS-AP TM Net, Internet Service Provider, MY"
aps.jobsmalaysia.gov.my,202.60.59.55,False,False,,,,,,XXXXXXXXXXXXXXXXXXXXX),n/a,38044,MY,"GITN-NETWORK GITN-NETWORK, MY"
arahankpkrv2.jkr.gov.my,43.252.232.157,True,True,115707565092734639685285563808875739530,2019-08-19 23:59:59,sha256,0,"Host did not provide intermediate certs, unable to build trust chain",COMODO RSA Organization Validation Secure Server CA,n/a,n/a,38044,MY,"GITN-NETWORK GITN-NETWORK, MY"
architec.jkr.gov.my,Fail,,,,,
arkib.jkkn.gov.my,103.8.145.26,False,False,,,,,,Apache,n/a,17564,MY,"GITN-PCN-AS-AP GITN (M) Sdn. Bhd., MY"
army.mod.gov.my,103.27.113.128,False,False,,,,,,,,132885,MY,"CDSB-AS-AP CET DEVELOPMENT SDN BHD, MY"
aset.mohe.gov.my,203.217.177.118,False,False,,,,,,Microsoft-IIS/7.5,ASP.NET,17564,MY,"GITN-PCN-AS-AP GITN (M) Sdn. Bhd., MY"
atpis.moa.gov.my,103.8.144.72,False,False,,,,,,Microsoft-IIS/7.5,ASP.NET,17564,MY,"GITN-PCN-AS-AP GITN (M) Sdn. Bhd., MY"
bakau.forestry.gov.my,175.28.12.98,False,True,129889084657280213537259957145275665970,2018-12-07 04:14:32,sha256,1,Pass,Entrust Certification Authority - L1K,Apache/2.4.6 (CentOS) OpenSSL/1.0.2k-fips PHP/5.4.16,PHP/5.4.16,38044,MY,"GITN-NETWORK GITN-NETWORK, MY"
bayucloud.sabah.gov.my,27.0.4.212,True,True,184605085515935929262331699731796587485,2019-05-28 23:59:59,sha256,0,"Host did not provide intermediate certs, unable to build trust chain",COMODO RSA Organization Validation Secure Server CA,Apache/2.4.7 (Ubuntu),n/a,55420,MY,"SABAHNET-AS-AP APNIC ASN Block, MY"
bencana.met.gov.my,103.245.89.57,False,False,,,,,,Apache/2.4.6 (CentOS) PHP/5.4.16,n/a,38044,MY,"GITN-NETWORK GITN-NETWORK, MY"
bencanaalam.jkr.gov.my,43.252.232.161,False,False,,,,,,Apache,n/a,38044,MY,"GITN-NETWORK GITN-NETWORK, MY"
biasiswa.mohe.gov.my,202.75.6.139,True,True,1356133872,2018-08-07 17:49:22,sha256,1,Pass,Entrust Certification Authority - L1K,Apache,n/a,17564,MY,"GITN-PCN-AS-AP GITN (M) Sdn. Bhd., MY"
bigbox.1govuc.gov.my,58.26.10.155,False,True,339619962035455083983787707018126187119443,2018-04-14 15:44:54,sha256,1,Pass,Let's Encrypt Authority X3,Apache/2.4.18 (Ubuntu),n/a,4788,MY,"TMNET-AS-AP TM Net, Internet Service Provider, MY"
bless2.bless.gov.my,58.26.69.41,False,True,14678957772556417141558296095493147431,2019-03-16 23:59:59,sha256,1,Pass,GeoTrust EV SSL CA - G4,Apache/2.4.6 (Red Hat Enterprise Linux) mod_cluster/1.3.1.Final OpenSSL/1.0.1e-fips,n/a,4788,MY,"TMNET-AS-AP TM Net, Internet Service Provider, MY"
blog.data.gov.my,150.242.180.12,False,False,,,,,,Apache/2.4.18 (Ubuntu),n/a,17564,MY,"GITN-PCN-AS-AP GITN (M) Sdn. Bhd., MY"
Blog.miti.gov.my,103.8.161.245,False,False,,,,,,Apache,PHP/5.6.13,17564,MY,"GITN-PCN-AS-AP GITN (M) Sdn. Bhd., MY"
blog.moa.gov.my,202.75.7.101,False,False,,,,,,,,17564,MY,"GITN-PCN-AS-AP GITN (M) Sdn. Bhd., MY"
blog.tourism.gov.my,203.217.179.20,False,True,11341012259018993091159837845632893597,2019-08-30 12:00:00,sha256,1,Pass,DigiCert SHA2 Secure Server CA,Apache/2.4.25 (Win32) OpenSSL/1.0.2j PHP/7.1.6,PHP/7.1.6,17564,MY,"GITN-PCN-AS-AP GITN (M) Sdn. Bhd., MY"
bmt.lgm.gov.my,43.252.233.123,False,False,,,,,,Microsoft-IIS/10.0,ASP.NET,38044,MY,"GITN-NETWORK GITN-NETWORK, MY"
bond.mpc.gov.my,103.245.89.249,False,False,,,,,,Microsoft-IIS/8.5,"PHP/5.6.30, ASP.NET",38044,MY,"GITN-NETWORK GITN-NETWORK, MY"
bondinfo.bnm.gov.my,211.25.63.143,False,False,,,,,,n/a,ASP.NET,9930,MY,"TTNET-MY TIME dotCom Berhad, MY"
bph.spab.gov.my,103.8.163.112,False,False,,,,,,Apache-Coyote/1.1,n/a,17564,MY,"GITN-PCN-AS-AP GITN (M) Sdn. Bhd., MY"
bpm.moh.gov.my,103.8.146.71,False,True,286921448244901191658596261014895386702315,2017-05-17 06:53:00,sha256,-1,Certificate & Hostname mismatch,Let's Encrypt Authority X3,Apache,n/a,17564,MY,"GITN-PCN-AS-AP GITN (M) Sdn. Bhd., MY"
bpp.treasury.gov.my,202.75.6.54,False,False,,,,,,n/a,n/a,17564,MY,"GITN-PCN-AS-AP GITN (M) Sdn. Bhd., MY"
bptv.moe.gov.my,1.9.210.59,False,False,,,,,,Apache/2.4.6 (CentOS) PHP/5.4.16,PHP/5.4.16,4788,MY,"TMNET-AS-AP TM Net, Internet Service Provider, MY"
bseep.gov.my,203.115.216.240,False,True,27673712512126029087997176101840659328,2023-03-06 10:11:29,sha1,-1,Certificate & Hostname mismatch,WMSvc-WIN-NC0IT7G4SQQ,Microsoft-IIS/7.5,ASP.NET,10204,MY,"ARCNET-NTTMSC-MY Arcnet NTT MSC ISP, MY"
bskn.khidmatnegara.gov.my,210.19.222.239,False,False,,,,,,Apache/2.2.15 (CentOS),n/a,9930,MY,"TTNET-MY TIME dotCom Berhad, MY"
careers.bnm.gov.my,211.25.63.18,False,True,8369576844692425197554134223092100087,2018-10-28 06:20:32,sha256,0,"Host did not provide intermediate certs, unable to build trust chain",Entrust Certification Authority - L1K,,,9930,MY,"TTNET-MY TIME dotCom Berhad, MY"
cariankahwin.jpn.gov.my,1.9.138.133,False,False,,,,,,Apache,n/a,4788,MY,"TMNET-AS-AP TM Net, Internet Service Provider, MY"
cars-asean.miros.gov.my,43.252.232.210,False,False,,,,,,Apache/2.4.29 (Win32) OpenSSL/1.0.2l PHP/5.6.32,n/a,38044,MY,"GITN-NETWORK GITN-NETWORK, MY"
cas.idfr.gov.my,175.28.15.186,True,True,160723765282695481830482917362343270063,2017-08-30 23:59:59,sha256,-1,Certificate expired,COMODO RSA Domain Validation Secure Server CA,Apache/2.2.23 (Unix) PHP/5.4.8 mod_ssl/2.2.3 OpenSSL/0.9.8e-fips-rhel5,PHP/5.4.8,38044,MY,"GITN-NETWORK GITN-NETWORK, MY"
casemix.moh.gov.my,Fail,,,,,
caskt.jkr.gov.my,Fail,,,,,
cbm.jkr.gov.my,Fail,,,,,
cbw1.jkr.gov.my,Fail,,,,,
cbw2.jkr.gov.my,Fail,,,,,
ccpm.cidb.gov.my,202.171.33.82,False,False,,,,,,Microsoft-IIS/8.5,ASP.NET,23659,MY,"HEITECH-AS-AP APNIC HEITECH ASN, MY"
cdpk.jkr.gov.my,Fail,,,,,
cec.jkr.gov.my,Fail,,,,,
chdisability.moh.gov.my,103.8.162.33,False,False,,,,,,Apache,PHP/5.3.3,17564,MY,"GITN-PCN-AS-AP GITN (M) Sdn. Bhd., MY"
chw.jkr.gov.my,Fail,,,,,
cic.jobsmalaysia.gov.my,202.60.59.55,False,False,,,,,,XXXXXXXXXXXXXXXXXXXXX),n/a,38044,MY,"GITN-NETWORK GITN-NETWORK, MY"
cimms.kkr.gov.my,175.28.14.212,False,False,,,,,,Apache,PHP/5.3.3-1ubuntu9.10,38044,MY,"GITN-NETWORK GITN-NETWORK, MY"
cims.cidb.gov.my,202.171.33.91,False,False,,,,,,Microsoft-IIS/8.5,ASP.NET,23659,MY,"HEITECH-AS-AP APNIC HEITECH ASN, MY"
cj.jkr.gov.my,Fail,,,,,
ckg.jkr.gov.my,Fail,,,,,
ckm.jkr.gov.my,Fail,,,,,
ckp.jkr.gov.my,Fail,,,,,
ckub.jkr.gov.my,Fail,,,,,
cli.jkr.gov.my,Fail,,,,,
cloud.dca.gov.my,203.217.177.45,True,True,4402496894441917314163346578723812113,2019-05-24 12:00:00,sha256,1,Pass,DigiCert SHA2 Secure Server CA,nginx,n/a,17564,MY,"GITN-PCN-AS-AP GITN (M) Sdn. Bhd., MY"
cloud.pcb.gov.my,202.75.7.36,False,True,13736502530717999549,2036-06-16 08:18:17,sha256,-1,Certificate & Hostname mismatch,Synology Inc. CA,nginx,n/a,17564,MY,"GITN-PCN-AS-AP GITN (M) Sdn. Bhd., MY"
cmos.kejora.gov.my,60.48.138.81,False,True,3469264872354054423,2018-11-06 05:14:00,sha256,-1,Certificate & Hostname mismatch,Go Daddy Secure Certificate Authority - G2,Apache/2.2.11 (Win32) PHP/5.3.0,PHP/5.3.0,4788,MY,"TMNET-AS-AP TM Net, Internet Service Provider, MY"
cns.jkr.gov.my,Fail,,,,,
coachingacademy.isn.gov.my,104.27.144.184,False,True,218311636689855597196388196125753078659,2018-08-02 23:59:59,sha256,1,Pass,COMODO ECC Domain Validation Secure Server CA 2,cloudflare,PHP/5.6.33,13335,US,"CLOUDFLARENET - Cloudflare, Inc., US"
compassweb.arkib.gov.my,203.62.1.68,False,False,,,,,,,,38044,MY,"GITN-NETWORK GITN-NETWORK, MY"
computerlab.mod.gov.my,103.27.113.82,False,False,,,,,,n/a,n/a,132885,MY,"CDSB-AS-AP CET DEVELOPMENT SDN BHD, MY"
connect2u.mod.gov.my,103.27.113.80,False,False,,,,,,n/a,n/a,132885,MY,"CDSB-AS-AP CET DEVELOPMENT SDN BHD, MY"
contest.khidmatnegara.gov.my,168.1.55.245,False,False,,,,,,Apache,n/a,36351,US,"SOFTLAYER - SoftLayer Technologies Inc., US"
cp.doe.gov.my,202.75.5.83,False,False,,,,,,Apache/2.2.15 (CentOS),PHP/5.3.3,17564,MY,"GITN-PCN-AS-AP GITN (M) Sdn. Bhd., MY"
cpab.jkr.gov.my,Fail,,,,,
cpum.jkr.gov.my,Fail,,,,,
create.jkr.gov.my,43.252.232.173,False,False,,,,,,Apache/2.2.15 (Red Hat),PHP/7.0.20,38044,MY,"GITN-NETWORK GITN-NETWORK, MY"
creditbureau.bnm.gov.my,103.6.236.129,False,True,84744316828536311233611724324917434695,2018-05-05 23:59:59,sha256,1,Pass,COMODO RSA Domain Validation Secure Server CA,Apache,n/a,132197,MY,"SKALI-MY SKALI, MY"
crm.jkr.gov.my,Fail,,,,,
ctmserver.kkr.gov.my,202.60.59.5,False,True,7182,2013-08-13 17:02:07,sha1,-1,Certificate & Hostname mismatch,localhost.localdomain,Apache/2.2.15 (CentOS),n/a,38044,MY,"GITN-NETWORK GITN-NETWORK, MY"
customs.gov.my,218.208.33.104,False,False,,,,,,n/a,n/a,4788,MY,"TMNET-AS-AP TM Net, Internet Service Provider, MY"
customsgc.gov.my,103.8.162.98,False,False,,,,,,Apache/1.3.41 (Unix) VOBSEnhydra-DynaLink/4.1_01 mod_ssl/2.8.31 OpenSSL/0.9.8b,n/a,17564,MY,"GITN-PCN-AS-AP GITN (M) Sdn. Bhd., MY"
daftarj.spr.gov.my,103.8.163.104,False,True,163308242488627493675420393306619505990,2019-11-29 00:45:29,sha256,-1,Certificate & Hostname mismatch,Entrust Certification Authority - L1M,Microsoft-IIS/7.5,ASP.NET,17564,MY,"GITN-PCN-AS-AP GITN (M) Sdn. Bhd., MY"
dananelayan.lkim.gov.my,1.9.139.55,False,False,,,,,,Apache,n/a,4788,MY,"TMNET-AS-AP TM Net, Internet Service Provider, MY"
data.gov.my,203.217.178.194,False,False,,,,,,nginx/1.1.19,n/a,17564,MY,"GITN-PCN-AS-AP GITN (M) Sdn. Bhd., MY"
dbtldm.mil.my,1.9.77.146,False,False,,,,,,Apache,PHP/5.6.10,4788,MY,"TMNET-AS-AP TM Net, Internet Service Provider, MY"
ddms.malaysia.gov.my,103.8.146.244,True,True,98701595253802895672383603403052643270,2018-09-02 23:59:59,sha256,1,Pass,GeoTrust EV SSL CA - G4,Apache-Coyote/1.1,n/a,17564,MY,"GITN-PCN-AS-AP GITN (M) Sdn. Bhd., MY"
ddms.mampu.gov.my,103.8.163.204,False,False,,,,,,,,17564,MY,"GITN-PCN-AS-AP GITN (M) Sdn. Bhd., MY"
did.kelantan.gov.my,210.187.31.4,False,False,,,,,,SUKKELANTAN,n/a,4788,MY,"TMNET-AS-AP TM Net, Internet Service Provider, MY"
digitaldoc.kln.gov.my,202.60.59.124,False,False,,,,,,Apache-Coyote/1.1,n/a,38044,MY,"GITN-NETWORK GITN-NETWORK, MY"
direktori.mosti.gov.my,103.8.161.18,False,True,16395072307393226557473951382359142883,2016-10-28 12:00:00,sha1,-1,Certificate expired,DigiCert High Assurance CA-3,nginx,n/a,17564,MY,"GITN-PCN-AS-AP GITN (M) Sdn. Bhd., MY"
dkoop.skm.gov.my,175.28.13.34,False,True,182246764822511369102069331068995961517,2018-11-27 02:27:32,sha256,1,Pass,Entrust Certification Authority - L1K,Microsoft-IIS/7.0,ASP.NET,38044,MY,"GITN-NETWORK GITN-NETWORK, MY"
dmpmnetspace.nre.gov.my,202.75.6.187,False,False,,,,,,n/a,n/a,17564,MY,"GITN-PCN-AS-AP GITN (M) Sdn. Bhd., MY"
dms.span.gov.my,211.25.98.175,False,True,14177414304718740435,2038-01-01 00:00:01,sha256,-1,Certificate & Hostname mismatch,SPAN WebAdmin CA,Apache-Coyote/1.1,n/a,9930,MY,"TTNET-MY TIME dotCom Berhad, MY"
docs.jpa.gov.my,203.217.177.199,False,False,,,,,,nginx,n/a,17564,MY,"GITN-PCN-AS-AP GITN (M) Sdn. Bhd., MY"
dohe.mohe.gov.my,202.75.4.124,True,True,1356133872,2018-08-07 17:49:22,sha256,1,Pass,Entrust Certification Authority - L1K,Apache,n/a,17564,MY,"GITN-PCN-AS-AP GITN (M) Sdn. Bhd., MY"
domino.spa.gov.my,202.75.7.59,False,False,,,,,,Apache,n/a,17564,MY,"GITN-PCN-AS-AP GITN (M) Sdn. Bhd., MY"
domino01.mpc.gov.my,202.60.59.76,False,False,,,,,,Lotus-Domino,n/a,38044,MY,"GITN-NETWORK GITN-NETWORK, MY"
duit.bnm.gov.my,103.6.236.135,True,True,84744316828536311233611724324917434695,2018-05-05 23:59:59,sha256,1,Pass,COMODO RSA Domain Validation Secure Server CA,Apache,PHP/7.1.12,132197,MY,"SKALI-MY SKALI, MY"
e-aduan.kpdnkk.gov.my,203.217.177.65,False,True,127675890422870040333996782867856633566,2020-09-21 07:44:20,sha256,1,Pass,Entrust Certification Authority - L1K,Apache,n/a,17564,MY,"GITN-PCN-AS-AP GITN (M) Sdn. Bhd., MY"
e-gaji.skm.gov.my,175.28.13.29,False,False,,,,,,,,38044,MY,"GITN-NETWORK GITN-NETWORK, MY"
e-lejer.kesedar.gov.my,1.9.138.9,False,False,,,,,,Apache/2.2.14 (Win32) DAV/2 mod_ssl/2.2.14 OpenSSL/0.9.8l mod_autoindex_color PHP/5.3.1 mod_apreq2-20090110/2.7.1 mod_perl/2.0.4 Perl/v5.10.1,n/a,4788,MY,"TMNET-AS-AP TM Net, Internet Service Provider, MY"
e-myra.mohe.gov.my,183.81.161.46,True,True,283073094047341323550299736025147537561381,2018-04-22 03:28:08,sha256,1,Pass,Let's Encrypt Authority X3,Apache/2.2.15 (CentOS),PHP/5.3.3,45352,MY,"IPSERVERONE-AS-AP IP ServerOne Solutions Sdn Bhd, MY"
e-room.rurallink.gov.my,Fail,,,,,
e-semakanbcc.spa.gov.my,103.21.35.57,False,False,,,,,,Apache/2.2.15 (CentOS),PHP/5.3.3,132170 132434,MY,
e-tatatertib.jpm.gov.my,103.8.163.23,False,False,,,,,,Apache/2.4.2 (Win32) OpenSSL/1.0.1c PHP/5.4.4,n/a,17564,MY,"GITN-PCN-AS-AP GITN (M) Sdn. Bhd., MY"
eaduan.airforce.mil.my,58.27.64.248,False,False,,,,,,,,4788,MY,"TMNET-AS-AP TM Net, Internet Service Provider, MY"
eaduan.kpdnkk.gov.my,203.217.177.65,False,True,127675890422870040333996782867856633566,2020-09-21 07:44:20,sha256,1,Pass,Entrust Certification Authority - L1K,Apache,n/a,17564,MY,"GITN-PCN-AS-AP GITN (M) Sdn. Bhd., MY"
eaduan.span.gov.my,211.25.98.172,False,True,14177414304718740435,2038-01-01 00:00:01,sha256,-1,Certificate & Hostname mismatch,SPAN WebAdmin CA,Microsoft-IIS/7.5,ASP.NET,9930,MY,"TTNET-MY TIME dotCom Berhad, MY"
eaduanict.mod.gov.my,103.27.113.58,False,False,,,,,,n/a,n/a,132885,MY,"CDSB-AS-AP CET DEVELOPMENT SDN BHD, MY"
easet.lkim.gov.my,1.9.139.58,False,False,,,,,,Microsoft-IIS/7.5,ASP.NET,4788,MY,"TMNET-AS-AP TM Net, Internet Service Provider, MY"
ebantuan.cidb.gov.my,202.171.33.85,False,False,,,,,,Microsoft-IIS/8.0,ASP.NET,23659,MY,"HEITECH-AS-AP APNIC HEITECH ASN, MY"
ebantuan.rurallink.gov.my,103.8.161.62,False,False,,,,,,,,17564,MY,"GITN-PCN-AS-AP GITN (M) Sdn. Bhd., MY"
ebencana.rurallink.gov.my,103.8.161.59,False,False,,,,,,,,17564,MY,"GITN-PCN-AS-AP GITN (M) Sdn. Bhd., MY"
ebiz.jupem.gov.my,202.60.57.157,False,True,15027786033134770952097779894927597371,2018-12-05 12:00:00,sha256,1,Pass,DigiCert SHA2 Secure Server CA,,,38044,MY,"GITN-NETWORK GITN-NETWORK, MY"
ebmgpermit.nre.gov.my,103.8.146.131,False,True,98001959690191132569949842478691529511,2018-06-07 23:59:59,sha256,1,Pass,COMODO RSA Organization Validation Secure Server CA,,,17564,MY,"GITN-PCN-AS-AP GITN (M) Sdn. Bhd., MY"
ebook.kpdnkk.gov.my,202.75.6.78,False,False,,,,,,nginx/1.11.10,PHP/5.6.30,17564,MY,"GITN-PCN-AS-AP GITN (M) Sdn. Bhd., MY"
ebookshop.mardi.gov.my,58.26.125.241,False,False,,,,,,Apache,PHP/5.2.17,4788,MY,"TMNET-AS-AP TM Net, Internet Service Provider, MY"
eborneo.dbp.gov.my,1.9.24.201,False,False,,,,,,nginx/1.6.3,ASP.NET,4788,MY,"TMNET-AS-AP TM Net, Internet Service Provider, MY"
ebr1m.hasil.gov.my,113.11.237.37,False,True,149991409482912484677275194897523937380,2018-10-13 04:33:44,sha256,1,Pass,Entrust Certification Authority - L1K,,,55951,MY,"LHDNM-MY Blok 9 Kompleks Bangunan Kerajaan, MY"
eccris.bnm.gov.my,211.25.63.129,False,True,992738386067131206369696608218430614,2018-10-30 06:55:01,sha256,1,Pass,Entrust Certification Authority - L1K,,,9930,MY,"TTNET-MY TIME dotCom Berhad, MY"
ecoms.jkr.gov.my,43.252.232.157,True,True,115707565092734639685285563808875739530,2019-08-19 23:59:59,sha256,0,"Host did not provide intermediate certs, unable to build trust chain",COMODO RSA Organization Validation Secure Server CA,Apache-Coyote/1.1,n/a,38044,MY,"GITN-NETWORK GITN-NETWORK, MY"
ecos.st.gov.my,111.67.45.243,False,False,,,,,,Microsoft-IIS/10.0,ARR/3.0,17666,MY,"HITACHISUNWAY Unit 13-4, Block F1, MY"
edaftar.kwp.gov.my,103.8.160.211,False,False,,,,,,,,17564,MY,"GITN-PCN-AS-AP GITN (M) Sdn. Bhd., MY"
edana.mosti.gov.my,103.8.144.124,True,True,2843332642970986068473121654881921635,2019-11-06 12:00:00,sha256,1,Pass,DigiCert SHA2 Secure Server CA,Apache,PHP/5.6.32,17564,MY,"GITN-PCN-AS-AP GITN (M) Sdn. Bhd., MY"
edcfz.pka.gov.my,58.26.183.50,False,True,251415635367776918519347270475201618493,2018-03-03 04:08:23,sha256,1,Pass,Entrust Certification Authority - L1K,,,4788,MY,"TMNET-AS-AP TM Net, Internet Service Provider, MY"
edik.st.gov.my,202.9.104.12,False,False,,,,,,Microsoft-IIS/8.0,ASP.NET,17666,MY,"HITACHISUNWAY Unit 13-4, Block F1, MY"
edirektori.kpkt.gov.my,203.217.179.60,False,False,,,,,,Apache,n/a,17564,MY,"GITN-PCN-AS-AP GITN (M) Sdn. Bhd., MY"
edog.dbkl.gov.my,58.26.53.57,False,False,,,,,,Apache/2.2.25 (Win32) PHP/5.3.29,PHP/5.3.29,4788,MY,"TMNET-AS-AP TM Net, Internet Service Provider, MY"
edrugsnews.adk.gov.my,175.28.15.225,False,False,,,,,,Apache/2.4.18 (Ubuntu),n/a,38044,MY,"GITN-NETWORK GITN-NETWORK, MY"
edsl.mot.gov.my,202.75.5.168,False,False,,,,,,Microsoft-IIS/7.0,ASP.NET,17564,MY,"GITN-PCN-AS-AP GITN (M) Sdn. Bhd., MY"
educationmalaysia.gov.my,54.254.54.74,True,True,35356221898604747283080484939780499872,2018-11-18 23:59:59,sha256,1,Pass,Symantec Class 3 EV SSL CA - G3,nginx/1.10.2,n/a,16509 38895,US,
efit.seda.gov.my,110.74.145.133,True,True,208469137327134893759231476092250995770,2019-01-08 23:59:59,sha256,1,Pass,COMODO RSA Organization Validation Secure Server CA,Apache,n/a,45668,MY,"AIMS-MY-NET AIMS Data Centre Sdn Bhd, MY"
eforgris.forestry.gov.my,175.28.12.38,True,True,129889084657280213537259957145275665970,2018-12-07 04:14:32,sha256,1,Pass,Entrust Certification Authority - L1K,Apache/2.4.6 (CentOS) OpenSSL/1.0.2k-fips PHP/5.4.16,PHP/5.4.16,38044,MY,"GITN-NETWORK GITN-NETWORK, MY"
eforlog.forestry.gov.my,175.28.12.56,False,True,129889084657280213537259957145275665970,2018-12-07 04:14:32,sha256,1,Pass,Entrust Certification Authority - L1K,Apache/2.4.6 (CentOS) OpenSSL/1.0.2k-fips PHP/5.4.16,PHP/5.4.16,38044,MY,"GITN-NETWORK GITN-NETWORK, MY"
eform.ptptn.gov.my,211.24.235.211,False,True,156446504740452993727762138933843971265,2020-01-15 02:58:58,sha256,1,Pass,Entrust Certification Authority - L1K,,,9930,MY,"TTNET-MY TIME dotCom Berhad, MY"
egdms.lkim.gov.my,1.9.139.50,False,False,,,,,,Apache-Coyote/1.1,n/a,4788,MY,"TMNET-AS-AP TM Net, Internet Service Provider, MY"
egdms.lpj.gov.my,58.27.54.8,False,False,,,,,,Microsoft-IIS/6.0,ASP.NET,4788,MY,"TMNET-AS-AP TM Net, Internet Service Provider, MY"
egjpkn.sabah.gov.my,27.0.4.168,False,False,,,,,,Microsoft-IIS/6.0,ASP.NET,55420,MY,"SABAHNET-AS-AP APNIC ASN Block, MY"
egsentrik.mohe.gov.my,203.217.179.6,True,True,0,2010-09-30 09:10:30,md5,-1,Certificate & Hostname mismatch,localhost,Apache/2.4.25 (Unix) OpenSSL/1.0.2j PHP/5.6.30 mod_perl/2.0.8-dev Perl/v5.16.3,PHP/5.6.30,17564,MY,"GITN-PCN-AS-AP GITN (M) Sdn. Bhd., MY"
ehandbook.airforce.mil.my,58.27.64.252,False,False,,,,,,Apache,PHP/5.5.9-1ubuntu4.14,4788,MY,"TMNET-AS-AP TM Net, Internet Service Provider, MY"
ehcd.mosti.gov.my,203.217.177.44,False,False,,,,,,Apache-Coyote/1.1,n/a,17564,MY,"GITN-PCN-AS-AP GITN (M) Sdn. Bhd., MY"
ehlp.moh.gov.my,103.8.146.69,False,False,,,,,,Apache,XXXXXXXXXXX,17564,MY,"GITN-PCN-AS-AP GITN (M) Sdn. Bhd., MY"
ehome.kpkt.gov.my,203.217.179.47,False,False,,,,,,Apache,n/a,17564,MY,"GITN-PCN-AS-AP GITN (M) Sdn. Bhd., MY"
ehomeonline.kpkt.gov.my,103.8.163.10,False,False,,,,,,,,17564,MY,"GITN-PCN-AS-AP GITN (M) Sdn. Bhd., MY"
eia.doe.gov.my,203.217.178.157,False,False,,,,,,Apache,PHP/5.2.6,17564,MY,"GITN-PCN-AS-AP GITN (M) Sdn. Bhd., MY"
eikbn.gov.my,203.217.177.160,False,False,,,,,,Apache,n/a,17564,MY,"GITN-PCN-AS-AP GITN (M) Sdn. Bhd., MY"
eiklan.cidb.gov.my,103.245.90.3,False,False,,,,,,Apache/2.2.15 (CentOS),Fat-Free Framework,38044,MY,"GITN-NETWORK GITN-NETWORK, MY"
eipts.mohe.gov.my,103.8.160.240,True,True,1356133872,2018-08-07 17:49:22,sha256,1,Pass,Entrust Certification Authority - L1K,nginx,n/a,17564,MY,"GITN-PCN-AS-AP GITN (M) Sdn. Bhd., MY"
ejawatan.keda.gov.my,1.9.138.174,False,False,,,,,,,,4788,MY,"TMNET-AS-AP TM Net, Internet Service Provider, MY"
ejawatan.llm.gov.my,203.12.220.169,False,False,,,,,,Apache/2.2.14 (Win32) DAV/2 mod_ssl/2.2.14 OpenSSL/0.9.8l mod_autoindex_color PHP/5.3.1 mod_apreq2-20090110/2.7.1 mod_perl/2.0.4 Perl/v5.10.1,n/a,38044,MY,"GITN-NETWORK GITN-NETWORK, MY"
ejawatan.mardi.gov.my,58.26.125.213,False,False,,,,,,Apache,n/a,4788,MY,"TMNET-AS-AP TM Net, Internet Service Provider, MY"
ejob.stats.gov.my,103.8.162.125,False,True,108464284870002772088309538863078908139,2019-12-06 09:53:07,sha256,1,Pass,Entrust Certification Authority - L1K,,,17564,MY,"GITN-PCN-AS-AP GITN (M) Sdn. Bhd., MY"
ejurnal.dbp.gov.my,1.9.24.201,False,False,,,,,,nginx/1.6.3,ASP.NET,4788,MY,"TMNET-AS-AP TM Net, Internet Service Provider, MY"
ekampus.kbs.gov.my,103.8.145.164,True,True,153840616413174037689254270271514524986,2018-10-14 23:59:59,sha256,0,"Host did not provide intermediate certs, unable to build trust chain",COMODO RSA Domain Validation Secure Server CA,Apache,n/a,17564,MY,"GITN-PCN-AS-AP GITN (M) Sdn. Bhd., MY"
ekamus.dbp.gov.my,1.9.24.201,False,False,,,,,,nginx/1.6.3,ASP.NET,4788,MY,"TMNET-AS-AP TM Net, Internet Service Provider, MY"
ekasih.icu.gov.my,58.26.69.24,True,True,301288390046576372342316486647103845363,2020-01-19 03:20:24,sha256,0,"Host did not provide intermediate certs, unable to build trust chain",Entrust Certification Authority - L1K,Microsoft-IIS/8.5,ASP.NET,4788,MY,"TMNET-AS-AP TM Net, Internet Service Provider, MY"
ekedatangan.lkim.gov.my,1.9.139.165,False,False,,,,,,Microsoft-IIS/7.5,ASP.NET,4788,MY,"TMNET-AS-AP TM Net, Internet Service Provider, MY"
ekenderaan.kejora.gov.my,60.48.138.81,False,True,3469264872354054423,2018-11-06 05:14:00,sha256,-1,Certificate & Hostname mismatch,Go Daddy Secure Certificate Authority - G2,Apache/2.2.11 (Win32) PHP/5.3.0,PHP/5.3.0,4788,MY,"TMNET-AS-AP TM Net, Internet Service Provider, MY"
ekereta.treasury.gov.my,203.217.177.147,False,False,,,,,,,,17564,MY,"GITN-PCN-AS-AP GITN (M) Sdn. Bhd., MY"
eklaim.lkim.gov.my,1.9.139.79,False,False,,,,,,,,4788,MY,"TMNET-AS-AP TM Net, Internet Service Provider, MY"
eklinik.dbkl.gov.my,58.26.53.70,True,True,9663860256364840065172591133529929121,2018-10-11 12:00:00,sha256,0,"Host did not provide intermediate certs, unable to build trust chain",DigiCert SHA2 Secure Server CA,nginx/1.13.1,n/a,4788,MY,"TMNET-AS-AP TM Net, Internet Service Provider, MY"
ekris.rurallink.gov.my,202.75.6.117,False,False,,,,,,,,17564,MY,"GITN-PCN-AS-AP GITN (M) Sdn. Bhd., MY"
eksamindef.mod.gov.my,103.27.113.36,False,False,,,,,,n/a,n/a,132885,MY,"CDSB-AS-AP CET DEVELOPMENT SDN BHD, MY"
ekursus.kkr.gov.my,202.60.59.1,False,False,,,,,,Apache,PHP/5.5.3,38044,MY,"GITN-NETWORK GITN-NETWORK, MY"
elandskap.kpkt.gov.my,203.217.179.35,False,False,,,,,,,,17564,MY,"GITN-PCN-AS-AP GITN (M) Sdn. Bhd., MY"
elatihan.jmm.gov.my,103.245.90.136,False,False,,,,,,Microsoft-IIS/7.5,ASP.NET,38044,MY,"GITN-NETWORK GITN-NETWORK, MY"
elatihan.kejora.gov.my,60.48.138.81,False,True,3469264872354054423,2018-11-06 05:14:00,sha256,-1,Certificate & Hostname mismatch,Go Daddy Secure Certificate Authority - G2,Microsoft-IIS/7.0,ASP.NET,4788,MY,"TMNET-AS-AP TM Net, Internet Service Provider, MY"
elatihan.rurallink.gov.my,Fail,,,,,
elearning.mycc.gov.my,104.27.167.48,False,True,236389232507542459147178748293104453246,2018-08-30 23:59:59,sha256,1,Pass,COMODO ECC Domain Validation Secure Server CA 2,cloudflare,PHP/7.0.13,13335,US,"CLOUDFLARENET - Cloudflare, Inc., US"
elesen.aelb.gov.my,103.229.114.173,False,True,75818874150054020126696194184723737505,2018-11-14 04:19:19,sha256,1,Pass,Entrust Certification Authority - L1K,Microsoft-IIS/7.5,ASP.NET,133444,MY,"NET2ONE-AS-AP Net2One Sdn Bhd, MY"
elesen.dbkl.gov.my,58.26.53.15,True,True,9663860256364840065172591133529929121,2018-10-11 12:00:00,sha256,1,Pass,DigiCert SHA2 Secure Server CA,Microsoft-IIS/7.0,ASP.NET,4788,MY,"TMNET-AS-AP TM Net, Internet Service Provider, MY"
elesen.lkim.gov.my,1.9.139.48,True,True,90312041045622352692935774251070127495,2018-06-16 23:59:59,sha256,1,Pass,GeoTrust DV SSL CA - G3,Apache/2.2.15 (Red Hat),PHP/5.3.3,4788,MY,"TMNET-AS-AP TM Net, Internet Service Provider, MY"
elibrary.rurallink.gov.my,202.75.5.211,False,False,,,,,,Apache,n/a,17564,MY,"GITN-PCN-AS-AP GITN (M) Sdn. Bhd., MY"
emaklum.anm.gov.my,175.28.15.162,True,True,132200978141672954521451897367138764928,2018-09-29 23:59:59,sha256,1,Pass,GeoTrust EV SSL CA - G4,n/a,"Undertow/1, JSP/2.3",38044,MY,"GITN-NETWORK GITN-NETWORK, MY"
emaklumweb.anm.gov.my,218.208.102.15,False,False,,,,,,n/a,n/a,4788,MY,"TMNET-AS-AP TM Net, Internet Service Provider, MY"
emaps.kpkt.gov.my,203.217.179.74,True,True,1465763785157600663970569707576092542,2018-12-06 12:00:00,sha256,1,Pass,DigiCert SHA2 Secure Server CA,Microsoft-IIS/8.5,XXXXXXXX,17564,MY,"GITN-PCN-AS-AP GITN (M) Sdn. Bhd., MY"
emel.kbs.gov.my,Fail,,,,,
enotifikasi.moh.gov.my,103.8.162.247,False,False,,,,,,Microsoft-IIS/8.5,XXXXXXXX,17564,MY,"GITN-PCN-AS-AP GITN (M) Sdn. Bhd., MY"
enviro.doe.gov.my,202.75.5.58,True,True,137932979933219314190416031512722746890,2018-11-01 23:59:59,sha256,1,Pass,GeoTrust EV SSL CA - G4,Apache/2.4.6 (CentOS) OpenSSL/1.0.2k-fips PHP/5.6.32,PHP/5.6.32,17564,MY,"GITN-PCN-AS-AP GITN (M) Sdn. Bhd., MY"
eotc.rurallink.gov.my,Fail,,,,,
eparlimen.rurallink.gov.my,202.75.6.110,False,False,,,,,,Apache/2.2.0 (Linux/SUSE),PHP/5.1.2,17564,MY,"GITN-PCN-AS-AP GITN (M) Sdn. Bhd., MY"
epatuh.moh.gov.my,103.8.144.50,False,False,,,,,,nginx,PHP/5.5.22,17564,MY,"GITN-PCN-AS-AP GITN (M) Sdn. Bhd., MY"
epayment.mod.gov.my,103.27.113.19,False,False,,,,,,,,132885,MY,"CDSB-AS-AP CET DEVELOPMENT SDN BHD, MY"
epbm.parlimenbelia.gov.my,103.8.161.168,True,True,206270989700427994672322589922690922860,2019-06-16 03:50:22,sha256,0,"Host did not provide intermediate certs, unable to build trust chain",Entrust Certification Authority - L1K,Apache,n/a,17564,MY,"GITN-PCN-AS-AP GITN (M) Sdn. Bhd., MY"
epbr.rurallink.gov.my,Fail,,,,,
epck.forestry.gov.my,175.28.12.205,False,True,129889084657280213537259957145275665970,2018-12-07 04:14:32,sha256,1,Pass,Entrust Certification Authority - L1K,Apache/2.4.6 (CentOS) OpenSSL/1.0.2k-fips PHP/5.4.16,PHP/5.4.16,38044,MY,"GITN-NETWORK GITN-NETWORK, MY"
epelanggan.jpm.gov.my,203.217.178.178,False,False,,,,,,Apache,PHP/5.5.9-1ubuntu4.14,17564,MY,"GITN-PCN-AS-AP GITN (M) Sdn. Bhd., MY"
epelanggan.kkr.gov.my,202.60.59.51,False,False,,,,,,Apache,n/a,38044,MY,"GITN-NETWORK GITN-NETWORK, MY"
epengambilan.lkim.gov.my,1.9.139.59,False,False,,,,,,Apache/2.2.15 (CentOS),PHP/5.3.3,4788,MY,"TMNET-AS-AP TM Net, Internet Service Provider, MY"
epenyatagaji-laporan.anm.gov.my,218.208.102.12,False,True,125604436114096517448777354068417778585,2019-12-20 06:43:43,sha256,0,"Host did not provide intermediate certs, unable to build trust chain",Entrust Certification Authority - L1K,,,4788,MY,"TMNET-AS-AP TM Net, Internet Service Provider, MY"
eperjawatan.kejora.gov.my,60.48.138.81,False,True,3469264872354054423,2018-11-06 05:14:00,sha256,-1,Certificate & Hostname mismatch,Go Daddy Secure Certificate Authority - G2,Apache/2.4.27 (Win32) OpenSSL/1.0.2l PHP/7.0.22,n/a,4788,MY,"TMNET-AS-AP TM Net, Internet Service Provider, MY"
epermit2.dvs.gov.my,103.8.163.20,True,True,337820058994313741559896019088949613078321,2018-04-04 02:37:03,sha256,1,Pass,Let's Encrypt Authority X3,nginx/1.10.1,PHP/5.2.17,17564,MY,"GITN-PCN-AS-AP GITN (M) Sdn. Bhd., MY"
eperolehan.dbkl.gov.my,58.26.53.59,True,True,9663860256364840065172591133529929121,2018-10-11 12:00:00,sha256,1,Pass,DigiCert SHA2 Secure Server CA,Apache/2.4.9 (Win64) OpenSSL/1.0.1g PHP/5.5.12,PHP/5.5.12,4788,MY,"TMNET-AS-AP TM Net, Internet Service Provider, MY"
eperolehan.kejora.gov.my,60.48.138.81,True,True,3469264872354054423,2018-11-06 05:14:00,sha256,1,Pass,Go Daddy Secure Certificate Authority - G2,Microsoft-IIS/7.0,ASP.NET,4788,MY,"TMNET-AS-AP TM Net, Internet Service Provider, MY"
eperubatan.kejora.gov.my,60.48.138.81,False,True,3469264872354054423,2018-11-06 05:14:00,sha256,-1,Certificate & Hostname mismatch,Go Daddy Secure Certificate Authority - G2,Microsoft-IIS/7.0,ASP.NET,4788,MY,"TMNET-AS-AP TM Net, Internet Service Provider, MY"
eperumahan.dbkl.gov.my,58.26.53.30,False,False,,,,,,Apache/2.2.8 (Win32),n/a,4788,MY,"TMNET-AS-AP TM Net, Internet Service Provider, MY"
eperunding.treasury.gov.my,203.217.177.7,True,True,100704115923098421302896957255055624394,2019-01-01 23:59:59,sha256,0,"Host did not provide intermediate certs, unable to build trust chain",GeoTrust SSL CA - G3,n/a,n/a,17564,MY,"GITN-PCN-AS-AP GITN (M) Sdn. Bhd., MY"
epi.llm.gov.my,203.12.220.154,False,True,244410312873059257813257729226366454264,2020-07-04 23:59:59,sha256,1,Pass,COMODO RSA Domain Validation Secure Server CA,Microsoft-IIS/8.0,PHP/7.0.9,38044,MY,"GITN-NETWORK GITN-NETWORK, MY"
eplis.pl.gov.my,104.27.167.142,False,False,,,,,,cloudflare,ASP.NET,13335,US,"CLOUDFLARENET - Cloudflare, Inc., US"
epmk.koko.gov.my,58.26.125.156,False,False,,,,,,Apache-Coyote/1.1,n/a,4788,MY,"TMNET-AS-AP TM Net, Internet Service Provider, MY"
eprasekolah.moe.gov.my,1.9.210.13,True,True,208353137276985661759940079643165865956,2018-05-23 23:59:59,sha256,0,"Host did not provide intermediate certs, unable to build trust chain",COMODO RSA Domain Validation Secure Server CA,n/a,n/a,4788,MY,"TMNET-AS-AP TM Net, Internet Service Provider, MY"
eprk.airforce.mil.my,58.27.64.252,False,False,,,,,,Apache,PHP/5.5.9-1ubuntu4.14,4788,MY,"TMNET-AS-AP TM Net, Internet Service Provider, MY"
eprotocol.kln.gov.my,202.60.56.88,False,False,,,,,,Apache,n/a,38044,MY,"GITN-NETWORK GITN-NETWORK, MY"
epsa.gov.my,103.8.160.32,False,True,4689025927228396754359855377674010309,2019-12-28 02:16:02,sha256,1,Pass,Entrust Certification Authority - L1M,,,17564,MY,"GITN-PCN-AS-AP GITN (M) Sdn. Bhd., MY"
epsikologi.mod.gov.my,Fail,,,,,
epublisiti.townplan.gov.my,175.28.15.62,False,False,,,,,,nginx,PHP/5.3.10-1ubuntu3.5,38044,MY,"GITN-NETWORK GITN-NETWORK, MY"
eqms.airforce.mil.my,58.27.64.252,False,False,,,,,,Apache,PHP/5.5.9-1ubuntu4.14,4788,MY,"TMNET-AS-AP TM Net, Internet Service Provider, MY"
eras.moe.gov.my,1.9.210.13,True,True,208353137276985661759940079643165865956,2018-05-23 23:59:59,sha256,0,"Host did not provide intermediate certs, unable to build trust chain",COMODO RSA Domain Validation Secure Server CA,n/a,n/a,4788,MY,"TMNET-AS-AP TM Net, Internet Service Provider, MY"
erasmi.jkr.gov.my,43.252.232.157,True,True,115707565092734639685285563808875739530,2019-08-19 23:59:59,sha256,0,"Host did not provide intermediate certs, unable to build trust chain",COMODO RSA Organization Validation Secure Server CA,n/a,PHP/5.5.32,38044,MY,"GITN-NETWORK GITN-NETWORK, MY"
ereport.skm.gov.my,175.28.13.36,False,False,,,,,,,,38044,MY,"GITN-NETWORK GITN-NETWORK, MY"
ernd.mosti.gov.my,202.75.5.35,True,True,2843332642970986068473121654881921635,2019-11-06 12:00:00,sha256,1,Pass,DigiCert SHA2 Secure Server CA,nginx/1.12.1,n/a,17564,MY,"GITN-PCN-AS-AP GITN (M) Sdn. Bhd., MY"
eroy.gov.my,103.8.161.179,False,True,6715020003527176639707489711139119843,2017-05-23 12:00:00,sha256,-1,Certificate expired,DigiCert SHA2 Extended Validation Server CA,,,17564,MY,"GITN-PCN-AS-AP GITN (M) Sdn. Bhd., MY"
eroyv2.gov.my,103.8.145.160,True,True,69760224024095666468023677141,2018-04-08 02:27:48,sha256,0,"Host did not provide intermediate certs, unable to build trust chain",Entrust Certification Authority - L1K,Apache,n/a,17564,MY,"GITN-PCN-AS-AP GITN (M) Sdn. Bhd., MY"
esd.imi.gov.my,103.21.252.77,True,True,12945146971573940527789345853685283065,2020-05-14 12:00:00,sha256,1,Pass,DigiCert SHA2 Secure Server CA,Apache,n/a,131310,MY,"PLT-NET-MY CX2 Computer Exchange, MY"
eselenggara.rurallink.gov.my,Fail,,,,,
eseminar.dbp.gov.my,1.9.24.201,False,False,,,,,,nginx/1.6.3,"PHP/5.6.26, ASP.NET",4788,MY,"TMNET-AS-AP TM Net, Internet Service Provider, MY"
eservices.dof.gov.my,202.75.4.194,True,True,2312575498476608477512744820907912622,2019-10-10 12:00:00,sha256,1,Pass,DigiCert SHA2 Secure Server CA,Apache/2.4.6 (CentOS) OpenSSL/1.0.1e-fips PHP/5.5.30,PHP/5.5.30,17564,MY,"GITN-PCN-AS-AP GITN (M) Sdn. Bhd., MY"
eservices.imi.gov.my,58.27.46.27,False,True,277258505472792805958960460295321564147,2018-10-28 13:41:53,sha256,1,Pass,Entrust Certification Authority - L1K,IBM_HTTP_Server,n/a,4788,MY,"TMNET-AS-AP TM Net, Internet Service Provider, MY"
eservices.moh.gov.my,103.8.146.71,False,True,286921448244901191658596261014895386702315,2017-05-17 06:53:00,sha256,-1,Certificate & Hostname mismatch,Let's Encrypt Authority X3,Apache,n/a,17564,MY,"GITN-PCN-AS-AP GITN (M) Sdn. Bhd., MY"
esilav2.jpa.gov.my,202.75.5.91,False,True,330309146268273469787456714855610612740,2019-01-14 03:38:19,sha256,1,Pass,Entrust Certification Authority - L1K,Microsoft-IIS/7.5,"PHP/5.4.34, ASP.NET",17564,MY,"GITN-PCN-AS-AP GITN (M) Sdn. Bhd., MY"
esisdok.jkr.gov.my,43.252.232.148,False,False,,,,,,Microsoft-IIS/7.5,ASP.NET,38044,MY,"GITN-NETWORK GITN-NETWORK, MY"
esite.kkr.gov.my,175.28.14.217,False,False,,,,,,Apache,n/a,38044,MY,"GITN-NETWORK GITN-NETWORK, MY"
esmup.hasil.gov.my,113.11.237.55,False,True,71159820020588920069330228798,2019-01-27 02:22:46,sha256,1,Pass,Entrust Certification Authority - L1K,,,55951,MY,"LHDNM-MY Blok 9 Kompleks Bangunan Kerajaan, MY"
esp.mohe.gov.my,103.8.160.224,True,True,1356133872,2018-08-07 17:49:22,sha256,1,Pass,Entrust Certification Authority - L1K,Apache,n/a,17564,MY,"GITN-PCN-AS-AP GITN (M) Sdn. Bhd., MY"
espek.instun.gov.my,103.8.146.213,True,True,408552572276892392,2018-08-26 08:27:39,sha256,1,Pass,Go Daddy Secure Certificate Authority - G2,Apache/2.4.18 (Ubuntu),Phusion Passenger 5.1.12,17564,MY,"GITN-PCN-AS-AP GITN (M) Sdn. Bhd., MY"
espekmobil.instun.gov.my,202.60.56.200,False,True,408552572276892392,2018-08-26 08:27:39,sha256,-1,Certificate & Hostname mismatch,Go Daddy Secure Certificate Authority - G2,Apache,n/a,38044,MY,"GITN-NETWORK GITN-NETWORK, MY"
espl.ipn.gov.my,175.28.15.154,False,False,,,,,,Microsoft-IIS/8.5,ASP.NET,38044,MY,"GITN-NETWORK GITN-NETWORK, MY"
ess.kejora.gov.my,202.171.33.105,False,False,,,,,,Microsoft-IIS/8.5,ASP.NET,23659,MY,"HEITECH-AS-AP APNIC HEITECH ASN, MY"
essem.moe.gov.my,1.9.210.13,True,True,208353137276985661759940079643165865956,2018-05-23 23:59:59,sha256,0,"Host did not provide intermediate certs, unable to build trust chain",COMODO RSA Domain Validation Secure Server CA,n/a,n/a,4788,MY,"TMNET-AS-AP TM Net, Internet Service Provider, MY"
estatsdigest.mida.gov.my,210.187.41.16,True,True,289038935774144654121627601974624960975,2018-10-31 02:30:37,sha256,1,Pass,Entrust Certification Authority - L1K,Apache/2.4.17 (Win32) OpenSSL/1.0.2d PHP/5.6.15,PHP/5.6.15,4788,MY,"TMNET-AS-AP TM Net, Internet Service Provider, MY"
estk.instun.gov.my,Fail,,,,,
estk.sprm.gov.my,203.217.178.2,False,True,10361563873392722795164855120972782171,2020-05-19 12:00:00,sha256,1,Pass,DigiCert SHA2 Secure Server CA,,,17564,MY,"GITN-PCN-AS-AP GITN (M) Sdn. Bhd., MY"
esurat.jakoa.gov.my,1.9.138.13,False,False,,,,,,Apache/2.0.64 (Win32) PHP/5.2.17,PHP/5.2.17,4788,MY,"TMNET-AS-AP TM Net, Internet Service Provider, MY"
esurvey.airforce.mil.my,58.27.64.252,False,False,,,,,,Apache,PHP/5.5.9-1ubuntu4.14,4788,MY,"TMNET-AS-AP TM Net, Internet Service Provider, MY"
esurvey.jkr.gov.my,43.252.232.157,True,True,115707565092734639685285563808875739530,2019-08-19 23:59:59,sha256,0,"Host did not provide intermediate certs, unable to build trust chain",COMODO RSA Organization Validation Secure Server CA,n/a,n/a,38044,MY,"GITN-NETWORK GITN-NETWORK, MY"
esurvey.mastic.gov.my,103.8.163.73,False,False,,,,,,Apache,PHP/5.5.38,17564,MY,"GITN-PCN-AS-AP GITN (M) Sdn. Bhd., MY"
esurvey.rurallink.gov.my,103.8.161.60,False,False,,,,,,Apache,n/a,17564,MY,"GITN-PCN-AS-AP GITN (M) Sdn. Bhd., MY"
eswis.doe.gov.my,203.217.179.119,False,False,,,,,,,n/a,17564,MY,"GITN-PCN-AS-AP GITN (M) Sdn. Bhd., MY"
etass.jkr.gov.my,43.252.232.157,True,True,115707565092734639685285563808875739530,2019-08-19 23:59:59,sha256,0,"Host did not provide intermediate certs, unable to build trust chain",COMODO RSA Organization Validation Secure Server CA,Apache-Coyote/1.1,n/a,38044,MY,"GITN-NETWORK GITN-NETWORK, MY"
etempah.mosti.gov.my,Fail,,,,,
etempahan.pl.gov.my,104.27.167.142,False,False,,,,,,cloudflare,n/a,13335,US,"CLOUDFLARENET - Cloudflare, Inc., US"
etender.mod.gov.my,103.27.113.43,False,False,,,,,,Apache/2.2.0 (Fedora),PHP/5.3.2-1ubuntu4.14,132885,MY,"CDSB-AS-AP CET DEVELOPMENT SDN BHD, MY"
etesis.dbp.gov.my,1.9.24.201,False,False,,,,,,nginx/1.6.3,ASP.NET,4788,MY,"TMNET-AS-AP TM Net, Internet Service Provider, MY"
etmr.mardi.gov.my,1.9.139.249,False,False,,,,,,Apache,n/a,4788,MY,"TMNET-AS-AP TM Net, Internet Service Provider, MY"
etp.pemandu.gov.my,202.9.103.179,False,False,,,,,,Microsoft-IIS/8.5,ASP.NET,17666,MY,"HITACHISUNWAY Unit 13-4, Block F1, MY"
etribunal.jpn.gov.my,1.9.138.149,False,False,,,,,,Apache,n/a,4788,MY,"TMNET-AS-AP TM Net, Internet Service Provider, MY"
eu.lkim.gov.my,1.9.139.57,False,False,,,,,,Microsoft-IIS/7.5,ASP.NET,4788,MY,"TMNET-AS-AP TM Net, Internet Service Provider, MY"
eusahawan.kejora.gov.my,60.48.138.81,False,True,3469264872354054423,2018-11-06 05:14:00,sha256,-1,Certificate & Hostname mismatch,Go Daddy Secure Certificate Authority - G2,Apache/2.4.27 (Win32) OpenSSL/1.0.2l PHP/7.0.22,PHP/7.0.22,4788,MY,"TMNET-AS-AP TM Net, Internet Service Provider, MY"
ev.rurallink.gov.my,Fail,,,,,
evendor.kkr.gov.my,202.60.56.78,False,False,,,,,,Apache,n/a,38044,MY,"GITN-NETWORK GITN-NETWORK, MY"
evetting.cgso.gov.my,103.8.162.5,True,True,62124310326357077135950583850,2018-03-31 07:01:45,sha256,0,"Host did not provide intermediate certs, unable to build trust chain",Entrust Certification Authority - L1K,Apache,JSP/2.2,17564,MY,"GITN-PCN-AS-AP GITN (M) Sdn. Bhd., MY"
ewarta.mara.gov.my,192.0.78.13,True,True,344283841694721829630416138932067532268867,2018-03-29 07:03:23,sha256,1,Pass,Let's Encrypt Authority X3,nginx,n/a,2635,US,"AUTOMATTIC - Automattic, Inc, US"
exam.jkr.gov.my,43.252.232.157,True,True,115707565092734639685285563808875739530,2019-08-19 23:59:59,sha256,0,"Host did not provide intermediate certs, unable to build trust chain",COMODO RSA Organization Validation Secure Server CA,n/a,n/a,38044,MY,"GITN-NETWORK GITN-NETWORK, MY"
extranet.fama.gov.my,1.9.138.76,False,False,,,,,,Apache-Coyote/1.1,n/a,4788,MY,"TMNET-AS-AP TM Net, Internet Service Provider, MY"
ez.hasil.gov.my,113.11.237.66,False,True,294515268539547232636566006210212262199,2019-02-08 04:01:32,sha256,0,"Host did not provide intermediate certs, unable to build trust chain",Entrust Certification Authority - L1M,,,55951,MY,"LHDNM-MY Blok 9 Kompleks Bangunan Kerajaan, MY"
ezsinar.arkib.gov.my,175.28.13.3,False,False,,,,,,,,38044,MY,"GITN-NETWORK GITN-NETWORK, MY"
ezsnap.jpm.gov.my,150.242.180.44,False,False,,,,,,Apache/2.4.26 (Win32) OpenSSL/1.0.2l PHP/5.6.31,PHP/5.6.31,17564,MY,"GITN-PCN-AS-AP GITN (M) Sdn. Bhd., MY"
failmeja.jpm.gov.my,Fail,,,,,
fast.bnm.gov.my,211.25.63.38,False,True,34009977230267845325421248602,2018-10-12 09:56:04,sha256,1,Pass,GlobalSign Organization Validation CA - SHA256 - G2,,,9930,MY,"TTNET-MY TIME dotCom Berhad, MY"
fh.moh.gov.my,103.8.146.71,False,True,286921448244901191658596261014895386702315,2017-05-17 06:53:00,sha256,-1,Certificate & Hostname mismatch,Let's Encrypt Authority X3,Apache,n/a,17564,MY,"GITN-PCN-AS-AP GITN (M) Sdn. Bhd., MY"
fmrs.remotesensing.gov.my,202.60.59.145,False,False,,,,,,Microsoft-IIS/7.0,ASP.NET,38044,MY,"GITN-NETWORK GITN-NETWORK, MY"
fms.lkim.gov.my,103.8.160.254,False,False,,,,,,Apache/2.2.15 (CentOS),PHP/5.3.3,17564,MY,"GITN-PCN-AS-AP GITN (M) Sdn. Bhd., MY"
fms.mardi.gov.my,103.8.160.254,False,False,,,,,,Apache/2.2.15 (CentOS),PHP/5.3.3,17564,MY,"GITN-PCN-AS-AP GITN (M) Sdn. Bhd., MY"
fms.pl.gov.my,104.27.166.142,False,False,,,,,,cloudflare,n/a,13335,US,"CLOUDFLARENET - Cloudflare, Inc., US"
fms.skm.gov.my,203.12.220.248,False,True,12912647911076367866,2019-04-13 22:04:42,sha1,-1,Certificate & Hostname mismatch,localhost,Apache/2.2.17 (Win32) mod_ssl/2.2.17 OpenSSL/0.9.8o PHP/5.3.4 mod_perl/2.0.4 Perl/v5.10.1,PHP/5.3.5,38044,MY,"GITN-NETWORK GITN-NETWORK, MY"
fms.tbnsa.gov.my,103.8.160.254,False,False,,,,,,Apache/2.2.15 (CentOS),PHP/5.3.3,17564,MY,"GITN-PCN-AS-AP GITN (M) Sdn. Bhd., MY"
fram.bomba.gov.my,210.48.154.23,False,False,,,,,,,,17971,MY,"TMVADS-AP TM-VADS DC Hosting, MY"
fri.dof.gov.my,103.8.145.61,True,True,2312575498476608477512744820907912622,2019-10-10 12:00:00,sha256,0,"Host did not provide intermediate certs, unable to build trust chain",DigiCert SHA2 Secure Server CA,Apache,PHP/5.6.20,17564,MY,"GITN-PCN-AS-AP GITN (M) Sdn. Bhd., MY"
fta.miti.gov.my,103.8.161.245,False,False,,,,,,Apache,PHP/5.6.13,17564,MY,"GITN-PCN-AS-AP GITN (M) Sdn. Bhd., MY"
gaji2u.lkim.gov.my,1.9.139.51,False,False,,,,,,,,4788,MY,"TMNET-AS-AP TM Net, Internet Service Provider, MY"
galeria.mara.gov.my,1.9.138.212,False,False,,,,,,,,4788,MY,"TMNET-AS-AP TM Net, Internet Service Provider, MY"
galerifoto.arkib.gov.my,202.60.59.45,False,False,,,,,,Apache/2.4.9 (Win64) PHP/5.5.12,PHP/5.5.12,38044,MY,"GITN-NETWORK GITN-NETWORK, MY"
gamma.malaysia.gov.my,103.8.160.3,False,False,,,,,,nginx/1.6.2,n/a,17564,MY,"GITN-PCN-AS-AP GITN (M) Sdn. Bhd., MY"
gcert.mampu.gov.my,202.75.7.73,False,False,,,,,,Apache/2.2.15 (CentOS),n/a,17564,MY,"GITN-PCN-AS-AP GITN (M) Sdn. Bhd., MY"
gedung1nahrim.nahrim.gov.my,175.28.15.99,False,True,55020092456193581761359460245295464468,2016-08-24 06:59:09,sha256,-1,Certificate & Hostname mismatch,intranet.nahrim.gov.my,Microsoft-IIS/8.5,ASP.NET,38044,MY,"GITN-NETWORK GITN-NETWORK, MY"
gems.mara.gov.my,1.9.138.202,False,False,,,,,,Microsoft-IIS/8.0,ASP.NET,4788,MY,"TMNET-AS-AP TM Net, Internet Service Provider, MY"
geoportal.johor.gov.my,210.19.13.213,False,False,,,,,,Apache/2.2.31 (Win32) DAV/2 mod_ssl/2.2.31 OpenSSL/1.0.2h mod_fcgid/2.3.9 mod_wsgi/3.4 Python/2.7.6 PHP/5.6.24 mod_perl/2.0.8 Perl/v5.16.3,PHP/5.6.24,9930,MY,"TTNET-MY TIME dotCom Berhad, MY"
gids.mohe.gov.my,103.8.145.246,False,False,,,,,,Apache/2.4.7 (Ubuntu),n/a,17564,MY,"GITN-PCN-AS-AP GITN (M) Sdn. Bhd., MY"
gis9.ns.gov.my,103.21.45.125,False,False,,,,,,,,132435,MY,"SYMPHONET-MY No.31-A, Jalan Tiara, Tiara Square, MY"
gmbo.skmm.gov.my,Fail,,,,,
gosgstg.malaysia.gov.my,103.8.146.254,False,False,,,,,,,,17564,MY,"GITN-PCN-AS-AP GITN (M) Sdn. Bhd., MY"
gpis.treasury.gov.my,203.217.177.140,False,False,,,,,,,,17564,MY,"GITN-PCN-AS-AP GITN (M) Sdn. Bhd., MY"
gpki.mampu.gov.my,203.217.178.58,True,True,71198115719937234994761424284538510503,2020-02-07 09:00:10,sha256,1,Pass,Entrust Certification Authority - L1M,nginx/1.12.1,n/a,17564,MY,"GITN-PCN-AS-AP GITN (M) Sdn. Bhd., MY"
graduan.mohe.gov.my,103.8.160.240,False,True,1356133872,2018-08-07 17:49:22,sha256,1,Pass,Entrust Certification Authority - L1K,nginx,ASP.NET,17564,MY,"GITN-PCN-AS-AP GITN (M) Sdn. Bhd., MY"
grp.miti.gov.my,103.8.161.245,False,False,,,,,,Apache,PHP/5.6.13,17564,MY,"GITN-PCN-AS-AP GITN (M) Sdn. Bhd., MY"
grp.mpc.gov.my,202.60.59.78,False,False,,,,,,Apache/2.2.22 (Win32) mod_ssl/2.2.22 OpenSSL/0.9.8x,PHP/5.4.11 ZendServer,38044,MY,"GITN-NETWORK GITN-NETWORK, MY"
gsoil.jkr.gov.my,43.252.232.157,True,True,115707565092734639685285563808875739530,2019-08-19 23:59:59,sha256,0,"Host did not provide intermediate certs, unable to build trust chain",COMODO RSA Organization Validation Secure Server CA,n/a,PHP/5.5.38,38044,MY,"GITN-NETWORK GITN-NETWORK, MY"
gst.customs.gov.my,218.208.33.99,False,False,,,,,,n/a,n/a,4788,MY,"TMNET-AS-AP TM Net, Internet Service Provider, MY"
gtp.pemandu.gov.my,202.9.103.179,False,False,,,,,,Microsoft-IIS/8.5,ASP.NET,17666,MY,"HITACHISUNWAY Unit 13-4, Block F1, MY"
h1n1.moh.gov.my,103.8.162.239,False,False,,,,,,,,17564,MY,"GITN-PCN-AS-AP GITN (M) Sdn. Bhd., MY"
habinovasi.mampu.gov.my,203.217.178.192,False,False,,,,,,Apache/2.2.8 (Win32) mod_ssl/2.2.8 OpenSSL/0.9.8g mod_autoindex_color PHP/5.2.5,PHP/5.2.5,17564,MY,"GITN-PCN-AS-AP GITN (M) Sdn. Bhd., MY"
hbeaufort.moh.gov.my,103.8.162.243,False,True,275344320892812211803141579036521400448,2018-03-15 23:59:59,sha256,1,Pass,"cPanel, Inc. Certification Authority",Apache,n/a,17564,MY,"GITN-PCN-AS-AP GITN (M) Sdn. Bhd., MY"
hdok.moh.gov.my,103.8.162.243,False,True,105392938823126021664832633858812943338,2018-03-15 23:59:59,sha256,1,Pass,"cPanel, Inc. Certification Authority",Apache,n/a,17564,MY,"GITN-PCN-AS-AP GITN (M) Sdn. Bhd., MY"
helpdesk.ketengah.gov.my,Fail,,,,,
hkbtgn.moh.gov.my,103.8.162.243,False,True,134196744186900374550301370379371291717,2018-03-11 23:59:59,sha256,-1,Certificate & Hostname mismatch,"cPanel, Inc. Certification Authority",Apache,n/a,17564,MY,"GITN-PCN-AS-AP GITN (M) Sdn. Bhd., MY"
hkgu.moh.gov.my,103.8.162.243,False,True,44392516402202813757330209318238662140,2018-03-24 23:59:59,sha256,1,Pass,"cPanel, Inc. Certification Authority",Apache,n/a,17564,MY,"GITN-PCN-AS-AP GITN (M) Sdn. Bhd., MY"
hkm.moh.gov.my,103.8.162.243,False,True,3552634707,2018-02-13 09:59:32,sha256,-1,Certificate expired,hkm.moh.gov.my,Apache,n/a,17564,MY,"GITN-PCN-AS-AP GITN (M) Sdn. Bhd., MY"
hknk.moh.gov.my,Fail,,,,,
hkotabelud.moh.gov.my,103.8.162.243,False,True,330597104771382080577068878209356599782,2018-03-17 23:59:59,sha256,1,Pass,"cPanel, Inc. Certification Authority",Apache,n/a,17564,MY,"GITN-PCN-AS-AP GITN (M) Sdn. Bhd., MY"
hldu.moh.gov.my,103.8.162.243,False,True,105237463539899935143360436937399840020,2018-01-14 23:59:59,sha256,-1,Certificate expired,"cPanel, Inc. Certification Authority",Apache,n/a,17564,MY,"GITN-PCN-AS-AP GITN (M) Sdn. Bhd., MY"
hmbp.moh.gov.my,103.8.162.243,False,True,248646006343235492704772368298492453143,2018-03-15 23:59:59,sha256,1,Pass,"cPanel, Inc. Certification Authority",Apache,n/a,17564,MY,"GITN-PCN-AS-AP GITN (M) Sdn. Bhd., MY"
home.eperolehan.gov.my,107.154.131.21,False,False,,,,,,Apache/2.2.15 (Red Hat),n/a,19551,US,"INCAPSULA - Incapsula Inc, US"
hpapar.moh.gov.my,103.8.162.243,False,True,134196744186900374550301370379371291717,2018-03-11 23:59:59,sha256,-1,Certificate & Hostname mismatch,"cPanel, Inc. Certification Authority",Apache,n/a,17564,MY,"GITN-PCN-AS-AP GITN (M) Sdn. Bhd., MY"
hpitas.moh.gov.my,103.8.162.243,False,True,204549690904791107160963078113597848722,2018-03-22 23:59:59,sha256,1,Pass,"cPanel, Inc. Certification Authority",Apache,n/a,17564,MY,"GITN-PCN-AS-AP GITN (M) Sdn. Bhd., MY"
hqe2.moh.gov.my,103.8.162.243,False,True,179325655142789119706264571151447753801,2018-03-15 23:59:59,sha256,1,Pass,"cPanel, Inc. Certification Authority",Apache,n/a,17564,MY,"GITN-PCN-AS-AP GITN (M) Sdn. Bhd., MY"
hranau.moh.gov.my,103.8.162.243,False,True,134196744186900374550301370379371291717,2018-03-11 23:59:59,sha256,-1,Certificate & Hostname mismatch,"cPanel, Inc. Certification Authority",Apache,n/a,17564,MY,"GITN-PCN-AS-AP GITN (M) Sdn. Bhd., MY"
hrd.water.gov.my,203.62.1.143,False,False,,,,,,Microsoft-IIS/6.0,ASP.NET,38044,MY,"GITN-NETWORK GITN-NETWORK, MY"
hrmis.eghrmis.gov.my,Fail,,,,,
hrmis2.eghrmis.gov.my,203.217.177.203,True,True,327737792213801555830480391388434037768,2019-01-14 03:41:10,sha256,1,Pass,Entrust Certification Authority - L1K,Microsoft-IIS/8.5,ASP.NET,17564,MY,"GITN-PCN-AS-AP GITN (M) Sdn. Bhd., MY"
hrmisone.eghrmis.gov.my,203.217.177.204,True,True,327737792213801555830480391388434037768,2019-01-14 03:41:10,sha256,1,Pass,Entrust Certification Authority - L1K,Microsoft-IIS/6.0,ASP.NET,17564,MY,"GITN-PCN-AS-AP GITN (M) Sdn. Bhd., MY"
hsipitang.moh.gov.my,103.8.162.243,False,True,134196744186900374550301370379371291717,2018-03-11 23:59:59,sha256,-1,Certificate & Hostname mismatch,"cPanel, Inc. Certification Authority",Apache,n/a,17564,MY,"GITN-PCN-AS-AP GITN (M) Sdn. Bhd., MY"
hspkpyu.moh.gov.my,103.8.162.243,False,True,148242616340029381980133412514763832637,2018-03-15 23:59:59,sha256,1,Pass,"cPanel, Inc. Certification Authority",Apache,n/a,17564,MY,"GITN-PCN-AS-AP GITN (M) Sdn. Bhd., MY"
hspn.moh.gov.my,103.8.162.243,False,True,134196744186900374550301370379371291717,2018-03-11 23:59:59,sha256,-1,Certificate & Hostname mismatch,"cPanel, Inc. Certification Authority",Apache,n/a,17564,MY,"GITN-PCN-AS-AP GITN (M) Sdn. Bhd., MY"
htbn.moh.gov.my,103.8.162.243,False,True,134196744186900374550301370379371291717,2018-03-11 23:59:59,sha256,-1,Certificate & Hostname mismatch,"cPanel, Inc. Certification Authority",Apache,n/a,17564,MY,"GITN-PCN-AS-AP GITN (M) Sdn. Bhd., MY"
htenom.moh.gov.my,103.8.162.243,False,True,134196744186900374550301370379371291717,2018-03-11 23:59:59,sha256,-1,Certificate & Hostname mismatch,"cPanel, Inc. Certification Authority",Apache,n/a,17564,MY,"GITN-PCN-AS-AP GITN (M) Sdn. Bhd., MY"
htuaran.moh.gov.my,103.8.162.243,False,True,153763914764922217736597359773989298238,2018-03-15 23:59:59,sha256,1,Pass,"cPanel, Inc. Certification Authority",Apache,n/a,17564,MY,"GITN-PCN-AS-AP GITN (M) Sdn. Bhd., MY"
htwu.moh.gov.my,103.8.162.243,False,True,227412872822378956154578918514432958761,2018-03-31 23:59:59,sha256,1,Pass,"cPanel, Inc. Certification Authority",Apache,n/a,17564,MY,"GITN-PCN-AS-AP GITN (M) Sdn. Bhd., MY"
hutan.remotesensing.gov.my,202.60.59.143,False,False,,,,,,Microsoft-IIS/7.5,ASP.NET,38044,MY,"GITN-NETWORK GITN-NETWORK, MY"
hwkks.moh.gov.my,103.8.162.243,False,True,101527817869873247296899404217702282253,2018-03-15 23:59:59,sha256,1,Pass,"cPanel, Inc. Certification Authority",Apache,n/a,17564,MY,"GITN-PCN-AS-AP GITN (M) Sdn. Bhd., MY"
hydro.gov.my,218.208.35.220,False,True,77798379158172323690954318915037127414,2020-11-03 23:59:59,sha256,1,Pass,COMODO RSA Domain Validation Secure Server CA,,,4788,MY,"TMNET-AS-AP TM Net, Internet Service Provider, MY"
icare.ptptn.gov.my,211.24.235.210,False,False,,,,,,Apache-Coyote/1.1,Servlet 2.4; JBoss-4.2.2.GA (build: SVNTag=JBoss_4_2_2_GA date=200710221139)/Tomcat-5.5,9930,MY,"TTNET-MY TIME dotCom Berhad, MY"
ict.jkkn.gov.my,Fail,,,,,
idb.dbkl.gov.my,58.26.53.56,False,False,,,,,,Apache/2.4.27 (Win64) PHP/7.1.9,PHP/7.1.9,4788,MY,"TMNET-AS-AP TM Net, Internet Service Provider, MY"
idengue.remotesensing.gov.my,202.60.59.148,False,False,,,,,,Microsoft-IIS/7.5,"PHP/5.3.2, ASP.NET",38044,MY,"GITN-NETWORK GITN-NETWORK, MY"
idsweb.lkim.gov.my,1.9.139.62,False,False,,,,,,Apache/2.2.22 (Win32) mod_jk/1.2.28,n/a,4788,MY,"TMNET-AS-AP TM Net, Internet Service Provider, MY"
ifcem.bomba.gov.my,103.245.90.94,False,False,,,,,,Apache/2.2.22 (Ubuntu),n/a,38044,MY,"GITN-NETWORK GITN-NETWORK, MY"
iimm.bnm.gov.my,103.6.238.25,False,True,51784918013404579962307848194473276132,2018-04-19 23:59:59,sha256,-1,Certificate & Hostname mismatch,Symantec Class 3 Secure Server CA - G4,Apache,n/a,132197,MY,"SKALI-MY SKALI, MY"
ikan.remotesensing.gov.my,202.60.59.137,False,False,,,,,,Microsoft-IIS/7.0,ASP.NET,38044,MY,"GITN-NETWORK GITN-NETWORK, MY"
ikepoh.kpkt.gov.my,103.8.145.204,False,True,1465763785157600663970569707576092542,2018-12-06 12:00:00,sha256,1,Pass,DigiCert SHA2 Secure Server CA,Apache,n/a,17564,MY,"GITN-PCN-AS-AP GITN (M) Sdn. Bhd., MY"
ikpkt.kpkt.gov.my,203.217.179.82,False,False,,,,,,Apache,XXXXXXXXXXXXXXXXXXXXXX,17564,MY,"GITN-PCN-AS-AP GITN (M) Sdn. Bhd., MY"
ilmu.forestry.gov.my,175.28.12.93,False,False,,,,,,,,38044,MY,"GITN-NETWORK GITN-NETWORK, MY"
ilmu.jpa.gov.my,202.75.4.213,False,False,,,,,,,,17564,MY,"GITN-PCN-AS-AP GITN (M) Sdn. Bhd., MY"
ilmu.kbs.gov.my,202.75.7.233,False,False,,,,,,Microsoft-HTTPAPI/2.0,n/a,17564,MY,"GITN-PCN-AS-AP GITN (M) Sdn. Bhd., MY"
ilmuonline.mpc.gov.my,202.60.59.85,False,False,,,,,,Apache-Coyote/1.1,n/a,38044,MY,"GITN-NETWORK GITN-NETWORK, MY"
ilsm.dosm.gov.my,104.25.233.109,False,True,176001823342160635610833325951818880148,2018-08-05 23:59:59,sha256,1,Pass,COMODO ECC Domain Validation Secure Server CA 2,cloudflare,PHP/5.4.45,13335,US,"CLOUDFLARENET - Cloudflare, Inc., US"
imagegallery.tourism.gov.my,203.217.179.14,False,True,14181593816783099537,2016-08-04 08:52:52,sha1,-1,Certificate & Hostname mismatch,fotoserver8,Apache/2.4.12 (Win32) OpenSSL/1.0.1l mod_fcgid/2.3.9 mod_wsgi/3.5 Python/2.7.2,FotoWeb/8.0,17564,MY,"GITN-PCN-AS-AP GITN (M) Sdn. Bhd., MY"
imas.isn.gov.my,103.18.244.26,False,True,19335,2015-03-25 07:31:26,sha1,-1,Certificate & Hostname mismatch,new-imas2.isn.gov.my,Apache/2.2.15,PHP/5.3.3,46015,MY,"EXABYTES-AS-AP Exa Bytes Network Sdn.Bhd., MY"
imej.spa.gov.my,203.217.178.63,False,False,,,,,,Apache,n/a,17564,MY,"GITN-PCN-AS-AP GITN (M) Sdn. Bhd., MY"
imlearning.mardi.gov.my,58.26.125.231,False,False,,,,,,Apache/2.2.15 (CentOS),PHP/5.5.30,4788,MY,"TMNET-AS-AP TM Net, Internet Service Provider, MY"
ims.infra.gov.my,175.28.13.78,False,True,37759660660880144235421862879015919407,2019-02-09 23:59:59,sha256,0,"Host did not provide intermediate certs, unable to build trust chain",COMODO RSA Domain Validation Secure Server CA,Apache/2.2.3 (CentOS),PHP/5.1.6,38044,MY,"GITN-NETWORK GITN-NETWORK, MY"
info.malaysia.gov.my,103.8.146.249,True,True,278938182988679991543126019269239310516875,2018-03-24 17:31:56,sha256,1,Pass,Let's Encrypt Authority X3,nginx/1.10.3 (Ubuntu),n/a,17564,MY,"GITN-PCN-AS-AP GITN (M) Sdn. Bhd., MY"
infokop.skm.gov.my,202.60.56.21,False,True,182246764822511369102069331068995961517,2018-11-27 02:27:32,sha256,1,Pass,Entrust Certification Authority - L1K,Microsoft-HTTPAPI/2.0,n/a,38044,MY,"GITN-NETWORK GITN-NETWORK, MY"
inhouse.imi.gov.my,58.27.46.13,False,False,,,,,,Apache,n/a,4788,MY,"TMNET-AS-AP TM Net, Internet Service Provider, MY"
intadfs.customs.gov.my,218.208.33.107,False,False,,,,,,,,4788,MY,"TMNET-AS-AP TM Net, Internet Service Provider, MY"
intellx.mpc.gov.my,203.62.1.227,False,False,,,,,,Microsoft-IIS/8.5,ASP.NET,38044,MY,"GITN-NETWORK GITN-NETWORK, MY"
interaktif.kbs.gov.my,202.75.6.252,False,False,,,,,,Apache,n/a,17564,MY,"GITN-PCN-AS-AP GITN (M) Sdn. Bhd., MY"
internetcmdb.mampu.gov.my,103.8.160.157,False,False,,,,,,Apache/2.2.17 (Linux/SUSE),n/a,17564,MY,"GITN-PCN-AS-AP GITN (M) Sdn. Bhd., MY"
internship.nsc.gov.my,175.140.137.78,False,True,10781109711286920007039662228680969905,2021-05-14 00:00:00,sha256,1,Pass,GeoTrust TLS RSA CA G1,,,4788,MY,"TMNET-AS-AP TM Net, Internet Service Provider, MY"
intra.jmm.gov.my,Fail,,,,,
intra.skm.gov.my,175.28.12.237,False,False,,,,,,Apache/2.4.6 (CentOS) PHP/5.5.21,n/a,38044,MY,"GITN-NETWORK GITN-NETWORK, MY"
intranet.jawhar.gov.my,202.75.6.202,False,False,,,,,,Apache,n/a,17564,MY,"GITN-PCN-AS-AP GITN (M) Sdn. Bhd., MY"
intranet.jpa.gov.my,203.217.179.167,False,False,,,,,,,,17564,MY,"GITN-PCN-AS-AP GITN (M) Sdn. Bhd., MY"
intranet.kada.gov.my,1.9.138.104,False,False,,,,,,Apache/2.2.11 (Win32) DAV/2 mod_ssl/2.2.11 OpenSSL/0.9.8i mod_autoindex_color PHP/5.2.8,n/a,4788,MY,"TMNET-AS-AP TM Net, Internet Service Provider, MY"
intranet.kbs.gov.my,203.217.177.162,False,False,,,,,,,,17564,MY,"GITN-PCN-AS-AP GITN (M) Sdn. Bhd., MY"
intranet.khidmatnegara.gov.my,Fail,,,,,
intranet.kpkt.gov.my,Fail,,,,,
intranet.lpp.gov.my,1.9.138.55,False,False,,,,,,Apache/2.2.11 (Win32),n/a,4788,MY,"TMNET-AS-AP TM Net, Internet Service Provider, MY"
intranet.mampu.gov.my,Fail,,,,,
intranet.mosti.gov.my,103.8.163.75,False,False,,,,,,Microsoft-IIS/8.0,ASP.NET,17564,MY,"GITN-PCN-AS-AP GITN (M) Sdn. Bhd., MY"
intranet.mygeoportal.gov.my,Fail,,,,,
intranet.nahrim.gov.my,175.28.15.99,False,False,,,,,,Microsoft-IIS/8.5,ASP.NET,38044,MY,"GITN-NETWORK GITN-NETWORK, MY"
intranet.spa.gov.my,Fail,,,,,
intranet.st.gov.my,202.9.104.14,False,False,,,,,,Microsoft-IIS/10.0,"PHP/7.1.10, ARR/3.0",17666,MY,"HITACHISUNWAY Unit 13-4, Block F1, MY"
intranet.stats.gov.my,203.217.177.171,False,False,,,,,,Apache,n/a,17564,MY,"GITN-PCN-AS-AP GITN (M) Sdn. Bhd., MY"
invite.skillsmalaysia.gov.my,103.228.53.185,False,True,24107232790770261550801331810373638424,2018-05-03 23:59:59,sha256,1,Pass,"cPanel, Inc. Certification Authority",cloudflare,PHP/5.6.33,55720,MY,"GIGABIT-MY Gigabit Hosting Sdn Bhd, MY"
ipays.llm.gov.my,203.12.220.239,False,True,244410312873059257813257729226366454264,2020-07-04 23:59:59,sha256,1,Pass,COMODO RSA Domain Validation Secure Server CA,Microsoft-IIS/8.0,"PHP/5.6.0, ASP.NET",38044,MY,"GITN-NETWORK GITN-NETWORK, MY"
iplan.townplan.gov.my,175.28.12.232,False,False,,,,,,Apache/2.4.25 (Ubuntu),n/a,38044,MY,"GITN-NETWORK GITN-NETWORK, MY"
ipms.1govuc.gov.my,58.26.10.178,False,True,278198945791043968970075141618130834814240,2018-04-28 17:30:54,sha256,1,Pass,Let's Encrypt Authority X3,nginx,ASP.NET,4788,MY,"TMNET-AS-AP TM Net, Internet Service Provider, MY"
iponline.myipo.gov.my,210.187.40.150,False,False,,,,,,Microsoft-IIS/7.0,ASP.NET,4788,MY,"TMNET-AS-AP TM Net, Internet Service Provider, MY"
iportal.mastic.gov.my,103.8.163.70,False,False,,,,,,Apache-Coyote/1.1,n/a,17564,MY,"GITN-PCN-AS-AP GITN (M) Sdn. Bhd., MY"
iprmarketplace.myipo.gov.my,210.187.40.168,False,True,20689,2016-10-08 13:44:44,sha256,-1,Certificate & Hostname mismatch,ipr.myipo.gov.my,Apache/2.2.15 (CentOS),PHP/5.3.3,4788,MY,"TMNET-AS-AP TM Net, Internet Service Provider, MY"
iptk.moh.gov.my,210.48.154.58,False,False,,,,,,,,17971,MY,"TMVADS-AP TM-VADS DC Hosting, MY"
isn.gov.my,104.27.144.184,False,True,218311636689855597196388196125753078659,2018-08-02 23:59:59,sha256,1,Pass,COMODO ECC Domain Validation Secure Server CA 2,cloudflare,n/a,13335,US,"CLOUDFLARENET - Cloudflare, Inc., US"
iso.kejora.gov.my,60.48.138.81,False,True,3469264872354054423,2018-11-06 05:14:00,sha256,-1,Certificate & Hostname mismatch,Go Daddy Secure Certificate Authority - G2,Apache/2.2.11 (Win32) PHP/5.3.0,PHP/5.3.0,4788,MY,"TMNET-AS-AP TM Net, Internet Service Provider, MY"
ispaaadbkl.dbkl.gov.my,58.26.53.48,False,False,,,,,,Apache-Coyote/1.1,Servlet 2.4; JBoss-4.2.2.GA (build: SVNTag=JBoss_4_2_2_GA date=200710221139)/Tomcat-5.5,4788,MY,"TMNET-AS-AP TM Net, Internet Service Provider, MY"
isupervision2.jkr.gov.my,43.252.232.131,False,False,,,,,,Apache/2.2.22 (Ubuntu),PHP/5.3.10-1ubuntu3.26,38044,MY,"GITN-NETWORK GITN-NETWORK, MY"
itanya.spp.gov.my,103.8.161.204,False,False,,,,,,Apache/2.2.15 (CentOS),PHP/5.3.3,17564,MY,"GITN-PCN-AS-AP GITN (M) Sdn. Bhd., MY"
itc.gov.my,104.28.28.112,False,False,,,,,,cloudflare,PHP/5.5.9-1ubuntu4.14,13335,US,"CLOUDFLARENET - Cloudflare, Inc., US"
itime.mampu.gov.my,103.8.160.169,False,False,,,,,,Microsoft-IIS/7.0,ASP.NET,17564,MY,"GITN-PCN-AS-AP GITN (M) Sdn. Bhd., MY"
its.stats.gov.my,103.8.162.123,False,True,108464284870002772088309538863078908139,2019-12-06 09:53:07,sha256,1,Pass,Entrust Certification Authority - L1K,,,17564,MY,"GITN-PCN-AS-AP GITN (M) Sdn. Bhd., MY"
iyres.gov.my,43.252.215.157,False,True,141481129459118860702504174979404576396,2018-05-08 23:59:59,sha256,1,Pass,"cPanel, Inc. Certification Authority",Apache,PHP/5.3.29,46015,MY,"EXABYTES-AS-AP Exa Bytes Network Sdn.Bhd., MY"
jawatankosong.miros.gov.my,43.252.232.208,False,False,,,,,,Microsoft-IIS/7.5,ASP.NET,38044,MY,"GITN-NETWORK GITN-NETWORK, MY"
jcs.mohr.gov.my,202.75.5.149,False,False,,,,,,,,17564,MY,"GITN-PCN-AS-AP GITN (M) Sdn. Bhd., MY"
jkdm.customskl.gov.my,219.94.115.30,False,False,,,,,,Apache/2.2.23 (Unix) mod_ssl/2.2.23 OpenSSL/1.0.1c DAV/2 PHP/5.3.19,n/a,4788,MY,"TMNET-AS-AP TM Net, Internet Service Provider, MY"
jkjrspa.jkjr.gov.my,103.8.161.96,False,False,,,,,,Microsoft-IIS/7.5,ASP.NET,17564,MY,"GITN-PCN-AS-AP GITN (M) Sdn. Bhd., MY"
jknkl.moh.gov.my,175.28.12.119,False,False,,,,,,Apache-Coyote/1.1,n/a,38044,MY,"GITN-NETWORK GITN-NETWORK, MY"
jknsabah.moh.gov.my,103.8.146.71,False,True,286921448244901191658596261014895386702315,2017-05-17 06:53:00,sha256,-1,Certificate & Hostname mismatch,Let's Encrypt Authority X3,Apache,n/a,17564,MY,"GITN-PCN-AS-AP GITN (M) Sdn. Bhd., MY"
jkt.kpkt.gov.my,203.217.179.57,False,False,,,,,,Apache,XXXXXXXXXXX,17564,MY,"GITN-PCN-AS-AP GITN (M) Sdn. Bhd., MY"
jln.kpkt.gov.my,103.8.144.177,False,False,,,,,,Apache,n/a,17564,MY,"GITN-PCN-AS-AP GITN (M) Sdn. Bhd., MY"
jmal.jkr.gov.my,43.252.232.157,True,True,115707565092734639685285563808875739530,2019-08-19 23:59:59,sha256,0,"Host did not provide intermediate certs, unable to build trust chain",COMODO RSA Organization Validation Secure Server CA,n/a,PHP/5.1.6,38044,MY,"GITN-NETWORK GITN-NETWORK, MY"
jointforce.mil.my,Fail,,,,,
jpa.spab.gov.my,103.8.163.112,False,False,,,,,,Apache-Coyote/1.1,n/a,17564,MY,"GITN-PCN-AS-AP GITN (M) Sdn. Bhd., MY"
jpak.jkr.gov.my,43.252.232.155,False,False,,,,,,Apache,n/a,38044,MY,"GITN-NETWORK GITN-NETWORK, MY"
jpedia.jkr.gov.my,43.252.232.152,False,False,,,,,,Apache/2.2.15 (Red Hat),PHP/7.0.12,38044,MY,"GITN-NETWORK GITN-NETWORK, MY"
jpls.dof.gov.my,103.8.145.61,True,True,2312575498476608477512744820907912622,2019-10-10 12:00:00,sha256,0,"Host did not provide intermediate certs, unable to build trust chain",DigiCert SHA2 Secure Server CA,Apache,PHP/5.6.20,17564,MY,"GITN-PCN-AS-AP GITN (M) Sdn. Bhd., MY"
jpm.mymesyuarat.gov.my,203.217.179.219,False,False,,,,,,Apache,PHP/5.3.3,17564,MY,"GITN-PCN-AS-AP GITN (M) Sdn. Bhd., MY"
jpmportal.prison.gov.my,175.28.15.199,False,False,,,,,,Apache/2.4.7 (Unix) OpenSSL/1.0.1e PHP/5.4.22 mod_perl/2.0.8-dev Perl/v5.16.3,n/a,38044,MY,"GITN-NETWORK GITN-NETWORK, MY"
jpn.spab.gov.my,103.8.163.112,False,False,,,,,,Apache-Coyote/1.1,n/a,17564,MY,"GITN-PCN-AS-AP GITN (M) Sdn. Bhd., MY"
